CODGEO,LIBGEO,EPCI,LIBEPCI,DEP,
75056,Paris,200054781,Métropole du Grand Paris,75,
77180,Férolles-Attilly,200023125,CC Les Portes Briardes entre Villes et Forêts,77,
77215,Gretz-Armainvilliers,200023125,CC Les Portes Briardes entre Villes et Forêts,77,
77249,Lésigny,200023125,CC Les Portes Briardes entre Villes et Forêts,77,
77350,Ozoir-la-Ferrière,200023125,CC Les Portes Briardes entre Villes et Forêts,77,
77470,Tournan-en-Brie,200023125,CC Les Portes Briardes entre Villes et Forêts,77,
77003,Amponville,200023240,CC Pays de Nemours,77,
77016,Bagneaux-sur-Loing,200023240,CC Pays de Nemours,77,
77046,Boulancourt,200023240,CC Pays de Nemours,77,
77056,Burcy,200023240,CC Pays de Nemours,77,
77060,Buthiers,200023240,CC Pays de Nemours,77,
77102,Châtenoy,200023240,CC Pays de Nemours,77,
77112,Chevrainvilliers,200023240,CC Pays de Nemours,77,
77156,Darvault,200023240,CC Pays de Nemours,77,
77178,Faÿ-lès-Nemours,200023240,CC Pays de Nemours,77,
77198,Fromont,200023240,CC Pays de Nemours,77,
77200,Garentreville,200023240,CC Pays de Nemours,77,
77216,Grez-sur-Loing,200023240,CC Pays de Nemours,77,
77220,Guercheville,200023240,CC Pays de Nemours,77,
77244,Larchant,200023240,CC Pays de Nemours,77,
77302,Montcourt-Fromonville,200023240,CC Pays de Nemours,77,
77328,Nanteau-sur-Essonne,200023240,CC Pays de Nemours,77,
77333,Nemours,200023240,CC Pays de Nemours,77,
77348,Ormesson,200023240,CC Pays de Nemours,77,
77395,Rumont,200023240,CC Pays de Nemours,77,
77431,Saint-Pierre-lès-Nemours,200023240,CC Pays de Nemours,77,
77520,Villiers-sous-Grez,200023240,CC Pays de Nemours,77,
77009,Arville,200023919,CC Gâtinais Val de Loing,77,
77011,Aufferville,200023919,CC Gâtinais Val de Loing,77,
77027,Beaumont-du-Gâtinais,200023919,CC Gâtinais Val de Loing,77,
77045,Bougligny,200023919,CC Gâtinais Val de Loing,77,
77050,Bransles,200023919,CC Gâtinais Val de Loing,77,
77071,Chaintreaux,200023919,CC Gâtinais Val de Loing,77,
77099,Château-Landon,200023919,CC Gâtinais Val de Loing,77,
77110,Chenou,200023919,CC Gâtinais Val de Loing,77,
77168,Égreville,200023919,CC Gâtinais Val de Loing,77,
77207,Gironville,200023919,CC Gâtinais Val de Loing,77,
77230,Ichy,200023919,CC Gâtinais Val de Loing,77,
77261,Lorrez-le-Bocage-Préaux,200023919,CC Gâtinais Val de Loing,77,
77267,La Madeleine-sur-Loing,200023919,CC Gâtinais Val de Loing,77,
77271,Maisoncelles-en-Gâtinais,200023919,CC Gâtinais Val de Loing,77,
77297,Mondreville,200023919,CC Gâtinais Val de Loing,77,
77342,Obsonville,200023919,CC Gâtinais Val de Loing,77,
77370,Poligny,200023919,CC Gâtinais Val de Loing,77,
77458,Souppes-sur-Loing,200023919,CC Gâtinais Val de Loing,77,
77489,Vaux-sur-Lunain,200023919,CC Gâtinais Val de Loing,77,
77500,Villebéon,200023919,CC Gâtinais Val de Loing,77,
77005,Annet-sur-Marne,200033090,CC Plaines et Monts de France,77,
77094,Charmentray,200033090,CC Plaines et Monts de France,77,
77095,Charny,200033090,CC Plaines et Monts de France,77,
77150,Cuisy,200033090,CC Plaines et Monts de France,77,
77196,Fresnes-sur-Marne,200033090,CC Plaines et Monts de France,77,
77233,Iverny,200033090,CC Plaines et Monts de France,77,
77273,Marchémoret,200033090,CC Plaines et Monts de France,77,
77292,Messy,200033090,CC Plaines et Monts de France,77,
77308,Montgé-en-Goële,200033090,CC Plaines et Monts de France,77,
77332,Nantouillet,200033090,CC Plaines et Monts de France,77,
77344,Oissery,200033090,CC Plaines et Monts de France,77,
77363,Le Pin,200033090,CC Plaines et Monts de France,77,
77364,Le Plessis-aux-Bois,200033090,CC Plaines et Monts de France,77,
77366,Le Plessis-l'Évêque,200033090,CC Plaines et Monts de France,77,
77376,Précy-sur-Marne,200033090,CC Plaines et Monts de France,77,
77427,Saint-Mesmes,200033090,CC Plaines et Monts de France,77,
77430,Saint-Pathus,200033090,CC Plaines et Monts de France,77,
77515,Villeroy,200033090,CC Plaines et Monts de France,77,
77517,Villevaudé,200033090,CC Plaines et Monts de France,77,
77525,Vinantes,200033090,CC Plaines et Monts de France,77,
77012,Augers-en-Brie,200037133,CC du Provinois,77,
77020,Bannost-Villegagnon,200037133,CC du Provinois,77,
77026,Beauchery-Saint-Martin,200037133,CC du Provinois,77,
77032,Beton-Bazoches,200037133,CC du Provinois,77,
77033,Bezalles,200037133,CC du Provinois,77,
77036,Boisdon,200037133,CC du Provinois,77,
77066,Cerneux,200037133,CC du Provinois,77,
77072,Chalautre-la-Grande,200037133,CC du Provinois,77,
77073,Chalautre-la-Petite,200037133,CC du Provinois,77,
77080,Champcenest,200037133,CC du Provinois,77,
77090,La Chapelle-Saint-Sulpice,200037133,CC du Provinois,77,
77109,Chenoise-Cucharmoy,200037133,CC du Provinois,77,
77134,Courchamp,200037133,CC du Provinois,77,
77137,Courtacon,200037133,CC du Provinois,77,
77197,Frétoy,200037133,CC du Provinois,77,
77239,Jouy-le-Châtel,200037133,CC du Provinois,77,
77246,Léchelle,200037133,CC du Provinois,77,
77260,Longueville,200037133,CC du Provinois,77,
77262,Louan-Villegruis-Fontaine,200037133,CC du Provinois,77,
77272,Maison-Rouge,200037133,CC du Provinois,77,
77275,Les Marêts,200037133,CC du Provinois,77,
77289,Melz-sur-Seine,200037133,CC du Provinois,77,
77301,Montceaux-lès-Provins,200037133,CC du Provinois,77,
77319,Mortery,200037133,CC du Provinois,77,
77368,Poigny,200037133,CC du Provinois,77,
77379,Provins,200037133,CC du Provinois,77,
77391,Rouilly,200037133,CC du Provinois,77,
77396,Rupéreux,200037133,CC du Provinois,77,
77403,Saint-Brice,200037133,CC du Provinois,77,
77404,Sainte-Colombe,200037133,CC du Provinois,77,
77414,Saint-Hilliers,200037133,CC du Provinois,77,
77418,Saint-Loup-de-Naud,200037133,CC du Provinois,77,
77424,Saint-Martin-du-Boschet,200037133,CC du Provinois,77,
77444,Sancy-lès-Provins,200037133,CC du Provinois,77,
77456,Soisy-Bouy,200037133,CC du Provinois,77,
77459,Sourdun,200037133,CC du Provinois,77,
77519,Villiers-Saint-Georges,200037133,CC du Provinois,77,
77530,Voulton,200037133,CC du Provinois,77,
77532,Vulaines-lès-Provins,200037133,CC du Provinois,77,
77015,Baby,200040251,CC Bassée-Montois,77,
77019,Balloy,200040251,CC Bassée-Montois,77,
77025,Bazoches-lès-Bray,200040251,CC Bassée-Montois,77,
77051,Bray-sur-Seine,200040251,CC Bassée-Montois,77,
77068,Cessoy-en-Montois,200040251,CC Bassée-Montois,77,
77076,Chalmaison,200040251,CC Bassée-Montois,77,
77101,Châtenay-sur-Seine,200040251,CC Bassée-Montois,77,
77140,Coutençon,200040251,CC Bassée-Montois,77,
77159,Donnemarie-Dontilly,200040251,CC Bassée-Montois,77,
77167,Égligny,200040251,CC Bassée-Montois,77,
77174,Everly,200040251,CC Bassée-Montois,77,
77187,Fontaine-Fourches,200040251,CC Bassée-Montois,77,
77208,Gouaix,200040251,CC Bassée-Montois,77,
77212,Gravon,200040251,CC Bassée-Montois,77,
77218,Grisy-sur-Seine,200040251,CC Bassée-Montois,77,
77223,Gurcy-le-Châtel,200040251,CC Bassée-Montois,77,
77227,Hermé,200040251,CC Bassée-Montois,77,
77236,Jaulnes,200040251,CC Bassée-Montois,77,
77242,Jutigny,200040251,CC Bassée-Montois,77,
77256,Lizines,200040251,CC Bassée-Montois,77,
77263,Luisetaines,200040251,CC Bassée-Montois,77,
77286,Meigneux,200040251,CC Bassée-Montois,77,
77298,Mons-en-Montois,200040251,CC Bassée-Montois,77,
77310,Montigny-le-Guesdier,200040251,CC Bassée-Montois,77,
77311,Montigny-Lencoup,200040251,CC Bassée-Montois,77,
77321,Mousseaux-lès-Bray,200040251,CC Bassée-Montois,77,
77325,Mouy-sur-Seine,200040251,CC Bassée-Montois,77,
77341,Noyen-sur-Seine,200040251,CC Bassée-Montois,77,
77347,Les Ormes-sur-Voulzie,200040251,CC Bassée-Montois,77,
77355,Paroy,200040251,CC Bassée-Montois,77,
77356,Passy-sur-Seine,200040251,CC Bassée-Montois,77,
77434,Saint-Sauveur-lès-Bray,200040251,CC Bassée-Montois,77,
77446,Savins,200040251,CC Bassée-Montois,77,
77452,Sigy,200040251,CC Bassée-Montois,77,
77454,Sognolles-en-Montois,200040251,CC Bassée-Montois,77,
77461,Thénisy,200040251,CC Bassée-Montois,77,
77467,La Tombe,200040251,CC Bassée-Montois,77,
77507,Villenauxe-la-Petite,200040251,CC Bassée-Montois,77,
77509,Villeneuve-les-Bordes,200040251,CC Bassée-Montois,77,
77522,Villiers-sur-Seine,200040251,CC Bassée-Montois,77,
77523,Villuis,200040251,CC Bassée-Montois,77,
77524,Vimpelles,200040251,CC Bassée-Montois,77,
77118,Claye-Souilly,200055655,CA Roissy Pays de France,77,
77123,Compans,200055655,CA Roissy Pays de France,77,
77153,Dammartin-en-Goële,200055655,CA Roissy Pays de France,77,
77214,Gressy,200055655,CA Roissy Pays de France,77,
77241,Juilly,200055655,CA Roissy Pays de France,77,
77259,Longperrier,200055655,CA Roissy Pays de France,77,
77282,Mauregard,200055655,CA Roissy Pays de France,77,
77291,Le Mesnil-Amelot,200055655,CA Roissy Pays de France,77,
77294,Mitry-Mory,200055655,CA Roissy Pays de France,77,
77322,Moussy-le-Neuf,200055655,CA Roissy Pays de France,77,
77323,Moussy-le-Vieux,200055655,CA Roissy Pays de France,77,
77349,Othis,200055655,CA Roissy Pays de France,77,
77392,Rouvres,200055655,CA Roissy Pays de France,77,
77420,Saint-Mard,200055655,CA Roissy Pays de France,77,
77462,Thieux,200055655,CA Roissy Pays de France,77,
77511,Villeneuve-sous-Dammartin,200055655,CA Roissy Pays de France,77,
77514,Villeparisis,200055655,CA Roissy Pays de France,77,
77055,Brou-sur-Chantereine,200057958,CA Paris - Vallée de la Marne,77,
77083,Champs-sur-Marne,200057958,CA Paris - Vallée de la Marne,77,
77108,Chelles,200057958,CA Paris - Vallée de la Marne,77,
77139,Courtry,200057958,CA Paris - Vallée de la Marne,77,
77146,Croissy-Beaubourg,200057958,CA Paris - Vallée de la Marne,77,
77169,Émerainville,200057958,CA Paris - Vallée de la Marne,77,
77258,Lognes,200057958,CA Paris - Vallée de la Marne,77,
77337,Noisiel,200057958,CA Paris - Vallée de la Marne,77,
77373,Pontault-Combault,200057958,CA Paris - Vallée de la Marne,77,
77390,Roissy-en-Brie,200057958,CA Paris - Vallée de la Marne,77,
77468,Torcy,200057958,CA Paris - Vallée de la Marne,77,
77479,Vaires-sur-Marne,200057958,CA Paris - Vallée de la Marne,77,
77067,Cesson,200059228,CA Grand Paris Sud Seine Essonne Sénart,77,
77122,Combs-la-Ville,200059228,CA Grand Paris Sud Seine Essonne Sénart,77,
77251,Lieusaint,200059228,CA Grand Paris Sud Seine Essonne Sénart,77,
77296,Moissy-Cramayel,200059228,CA Grand Paris Sud Seine Essonne Sénart,77,
77326,Nandy,200059228,CA Grand Paris Sud Seine Essonne Sénart,77,
77384,Réau,200059228,CA Grand Paris Sud Seine Essonne Sénart,77,
77445,Savigny-le-Temple,200059228,CA Grand Paris Sud Seine Essonne Sénart,77,
77495,Vert-Saint-Denis,200059228,CA Grand Paris Sud Seine Essonne Sénart,77,
77004,Andrezel,200070779,CC Brie des Rivières et Châteaux,77,
77007,Argentières,200070779,CC Brie des Rivières et Châteaux,77,
77029,Beauvoir,200070779,CC Brie des Rivières et Châteaux,77,
77034,Blandy,200070779,CC Brie des Rivières et Châteaux,77,
77044,Bombon,200070779,CC Brie des Rivières et Châteaux,77,
77081,Champdeuil,200070779,CC Brie des Rivières et Châteaux,77,
77082,Champeaux,200070779,CC Brie des Rivières et Châteaux,77,
77100,Le Châtelet-en-Brie,200070779,CC Brie des Rivières et Châteaux,77,
77103,Châtillon-la-Borde,200070779,CC Brie des Rivières et Châteaux,77,
77107,Chaumes-en-Brie,200070779,CC Brie des Rivières et Châteaux,77,
77127,Coubert,200070779,CC Brie des Rivières et Châteaux,77,
77136,Courquetaine,200070779,CC Brie des Rivières et Châteaux,77,
77145,Crisenoy,200070779,CC Brie des Rivières et Châteaux,77,
77164,Échouboulains,200070779,CC Brie des Rivières et Châteaux,77,
77165,Les Écrennes,200070779,CC Brie des Rivières et Châteaux,77,
77175,Évry-Grégy-sur-Yerre,200070779,CC Brie des Rivières et Châteaux,77,
77179,Féricy,200070779,CC Brie des Rivières et Châteaux,77,
77188,Fontaine-le-Port,200070779,CC Brie des Rivières et Châteaux,77,
77195,Fouju,200070779,CC Brie des Rivières et Châteaux,77,
77217,Grisy-Suisnes,200070779,CC Brie des Rivières et Châteaux,77,
77222,Guignes,200070779,CC Brie des Rivières et Châteaux,77,
77266,Machault,200070779,CC Brie des Rivières et Châteaux,77,
77295,Moisenay,200070779,CC Brie des Rivières et Châteaux,77,
77352,Ozouer-le-Voulgis,200070779,CC Brie des Rivières et Châteaux,77,
77354,Pamfou,200070779,CC Brie des Rivières et Châteaux,77,
77426,Saint-Méry,200070779,CC Brie des Rivières et Châteaux,77,
77453,Sivry-Courtry,200070779,CC Brie des Rivières et Châteaux,77,
77455,Soignolles-en-Brie,200070779,CC Brie des Rivières et Châteaux,77,
77457,Solers,200070779,CC Brie des Rivières et Châteaux,77,
77480,Valence-en-Brie,200070779,CC Brie des Rivières et Châteaux,77,
77534,Yèbles,200070779,CC Brie des Rivières et Châteaux,77,
77023,Barcy,200072130,CA du Pays de Meaux,77,
77077,Chambry,200072130,CA du Pays de Meaux,77,
77143,Crégy-lès-Meaux,200072130,CA du Pays de Meaux,77,
77193,Forfry,200072130,CA du Pays de Meaux,77,
77199,Fublaines,200072130,CA du Pays de Meaux,77,
77203,Germigny-l'Évêque,200072130,CA du Pays de Meaux,77,
77205,Gesvres-le-Chapitre,200072130,CA du Pays de Meaux,77,
77232,Isles-lès-Villenoy,200072130,CA du Pays de Meaux,77,
77276,Mareuil-lès-Meaux,200072130,CA du Pays de Meaux,77,
77284,Meaux,200072130,CA du Pays de Meaux,77,
77300,Montceaux-lès-Meaux,200072130,CA du Pays de Meaux,77,
77309,Monthyon,200072130,CA du Pays de Meaux,77,
77330,Nanteuil-lès-Meaux,200072130,CA du Pays de Meaux,77,
77335,Chauconin-Neufmontiers,200072130,CA du Pays de Meaux,77,
77358,Penchard,200072130,CA du Pays de Meaux,77,
77369,Poincy,200072130,CA du Pays de Meaux,77,
77437,Saint-Soupplets,200072130,CA du Pays de Meaux,77,
77474,Trilbardou,200072130,CA du Pays de Meaux,77,
77475,Trilport,200072130,CA du Pays de Meaux,77,
77483,Varreddes,200072130,CA du Pays de Meaux,77,
77498,Vignely,200072130,CA du Pays de Meaux,77,
77513,Villenoy,200072130,CA du Pays de Meaux,77,
77001,Achères-la-Forêt,200072346,CA du Pays de Fontainebleau,77,
77006,Arbonne-la-Forêt,200072346,CA du Pays de Fontainebleau,77,
77014,Avon,200072346,CA du Pays de Fontainebleau,77,
77022,Barbizon,200072346,CA du Pays de Fontainebleau,77,
77037,Bois-le-Roi,200072346,CA du Pays de Fontainebleau,77,
77041,Boissy-aux-Cailles,200072346,CA du Pays de Fontainebleau,77,
77048,Bourron-Marlotte,200072346,CA du Pays de Fontainebleau,77,
77065,Cély,200072346,CA du Pays de Fontainebleau,77,
77069,Chailly-en-Bière,200072346,CA du Pays de Fontainebleau,77,
77088,La Chapelle-la-Reine,200072346,CA du Pays de Fontainebleau,77,
77096,Chartrettes,200072346,CA du Pays de Fontainebleau,77,
77185,Fleury-en-Bière,200072346,CA du Pays de Fontainebleau,77,
77186,Fontainebleau,200072346,CA du Pays de Fontainebleau,77,
77226,Héricy,200072346,CA du Pays de Fontainebleau,77,
77339,Noisy-sur-École,200072346,CA du Pays de Fontainebleau,77,
77359,Perthes,200072346,CA du Pays de Fontainebleau,77,
77386,Recloses,200072346,CA du Pays de Fontainebleau,77,
77412,Saint-Germain-sur-École,200072346,CA du Pays de Fontainebleau,77,
77425,Saint-Martin-en-Bière,200072346,CA du Pays de Fontainebleau,77,
77435,Saint-Sauveur-sur-École,200072346,CA du Pays de Fontainebleau,77,
77441,Samois-sur-Seine,200072346,CA du Pays de Fontainebleau,77,
77442,Samoreau,200072346,CA du Pays de Fontainebleau,77,
77471,Tousson,200072346,CA du Pays de Fontainebleau,77,
77477,Ury,200072346,CA du Pays de Fontainebleau,77,
77485,Le Vaudoué,200072346,CA du Pays de Fontainebleau,77,
77533,Vulaines-sur-Seine,200072346,CA du Pays de Fontainebleau,77,
77030,Bellot,200072544,CC des Deux Morin,77,
77043,Boitron,200072544,CC des Deux Morin,77,
77093,La Chapelle-Moutils,200072544,CC des Deux Morin,77,
77097,Chartronges,200072544,CC des Deux Morin,77,
77116,Choisy-en-Brie,200072544,CC des Deux Morin,77,
77162,Doue,200072544,CC des Deux Morin,77,
77182,La Ferté-Gaucher,200072544,CC des Deux Morin,77,
77228,Hondevilliers,200072544,CC des Deux Morin,77,
77240,Jouy-sur-Morin,200072544,CC des Deux Morin,77,
77247,Lescherolles,200072544,CC des Deux Morin,77,
77250,Leudon-en-Brie,200072544,CC des Deux Morin,77,
77287,Meilleray,200072544,CC des Deux Morin,77,
77303,Montdauphin,200072544,CC des Deux Morin,77,
77304,Montenils,200072544,CC des Deux Morin,77,
77314,Montolivet,200072544,CC des Deux Morin,77,
77345,Orly-sur-Morin,200072544,CC des Deux Morin,77,
77385,Rebais,200072544,CC des Deux Morin,77,
77398,Sablonnières,200072544,CC des Deux Morin,77,
77402,Saint-Barthélemy,200072544,CC des Deux Morin,77,
77405,Saint-Cyr-sur-Morin,200072544,CC des Deux Morin,77,
77406,Saint-Denis-lès-Rebais,200072544,CC des Deux Morin,77,
77411,Saint-Germain-sous-Doue,200072544,CC des Deux Morin,77,
77417,Saint-Léger,200072544,CC des Deux Morin,77,
77421,Saint-Mars-Vieux-Maisons,200072544,CC des Deux Morin,77,
77423,Saint-Martin-des-Champs,200072544,CC des Deux Morin,77,
77429,Saint-Ouen-sur-Morin,200072544,CC des Deux Morin,77,
77432,Saint-Rémy-la-Vanne,200072544,CC des Deux Morin,77,
77436,Saint-Siméon,200072544,CC des Deux Morin,77,
77472,La Trétoire,200072544,CC des Deux Morin,77,
77492,Verdelot,200072544,CC des Deux Morin,77,
77512,Villeneuve-sur-Bellot,200072544,CC des Deux Morin,77,
77031,Bernay-Vilbert,200072874,CC Val Briard,77,
77087,La Chapelle-Iger,200072874,CC Val Briard,77,
77091,Les Chapelles-Bourbon,200072874,CC Val Briard,77,
77104,Châtres,200072874,CC Val Briard,77,
77135,Courpalay,200072874,CC Val Briard,77,
77138,Courtomer,200072874,CC Val Briard,77,
77144,Crèvecoeur-en-Brie,200072874,CC Val Briard,77,
77177,Favières,200072874,CC Val Briard,77,
77192,Fontenay-Trésigny,200072874,CC Val Briard,77,
77229,La Houssaye-en-Brie,200072874,CC Val Briard,77,
77254,Liverdy-en-Brie,200072874,CC Val Briard,77,
77264,Lumigny-Nesles-Ormeaux,200072874,CC Val Briard,77,
77277,Marles-en-Brie,200072874,CC Val Briard,77,
77318,Mortcerf,200072874,CC Val Briard,77,
77336,Neufmoutiers-en-Brie,200072874,CC Val Briard,77,
77357,Pécy,200072874,CC Val Briard,77,
77365,Le Plessis-Feu-Aussoux,200072874,CC Val Briard,77,
77377,Presles-en-Brie,200072874,CC Val Briard,77,
77393,Rozay-en-Brie,200072874,CC Val Briard,77,
77486,Vaudoy-en-Brie,200072874,CC Val Briard,77,
77527,Voinsles,200072874,CC Val Briard,77,
77002,Amillis,200077055,CA Coulommiers Pays de Brie,77,
77013,Aulnoy,200077055,CA Coulommiers Pays de Brie,77,
77024,Bassevelle,200077055,CA Coulommiers Pays de Brie,77,
77042,Boissy-le-Châtel,200077055,CA Coulommiers Pays de Brie,77,
77057,Bussières,200077055,CA Coulommiers Pays de Brie,77,
77063,La Celle-sur-Morin,200077055,CA Coulommiers Pays de Brie,77,
77070,Chailly-en-Brie,200077055,CA Coulommiers Pays de Brie,77,
77078,Chamigny,200077055,CA Coulommiers Pays de Brie,77,
77084,Changis-sur-Marne,200077055,CA Coulommiers Pays de Brie,77,
77106,Chauffry,200077055,CA Coulommiers Pays de Brie,77,
77113,Chevru,200077055,CA Coulommiers Pays de Brie,77,
77117,Citry,200077055,CA Coulommiers Pays de Brie,77,
77131,Coulommiers,200077055,CA Coulommiers Pays de Brie,77,
77151,Dagny,200077055,CA Coulommiers Pays de Brie,77,
77154,Dammartin-sur-Tigeaux,200077055,CA Coulommiers Pays de Brie,77,
77176,Faremoutiers,200077055,CA Coulommiers Pays de Brie,77,
77183,La Ferté-sous-Jouarre,200077055,CA Coulommiers Pays de Brie,77,
77206,Giremoutiers,200077055,CA Coulommiers Pays de Brie,77,
77219,Guérard,200077055,CA Coulommiers Pays de Brie,77,
77224,Hautefeuille,200077055,CA Coulommiers Pays de Brie,77,
77238,Jouarre,200077055,CA Coulommiers Pays de Brie,77,
77265,Luzancy,200077055,CA Coulommiers Pays de Brie,77,
77270,Maisoncelles-en-Brie,200077055,CA Coulommiers Pays de Brie,77,
77278,Marolles-en-Brie,200077055,CA Coulommiers Pays de Brie,77,
77281,Mauperthuis,200077055,CA Coulommiers Pays de Brie,77,
77290,Méry-sur-Marne,200077055,CA Coulommiers Pays de Brie,77,
77320,Mouroux,200077055,CA Coulommiers Pays de Brie,77,
77331,Nanteuil-sur-Marne,200077055,CA Coulommiers Pays de Brie,77,
77360,Pézarches,200077055,CA Coulommiers Pays de Brie,77,
77361,Pierre-Levée,200077055,CA Coulommiers Pays de Brie,77,
77371,Pommeuse,200077055,CA Coulommiers Pays de Brie,77,
77388,Reuil-en-Brie,200077055,CA Coulommiers Pays de Brie,77,
77397,Saâcy-sur-Marne,200077055,CA Coulommiers Pays de Brie,77,
77400,Saint-Augustin,200077055,CA Coulommiers Pays de Brie,77,
77401,Sainte-Aulde,200077055,CA Coulommiers Pays de Brie,77,
77415,Saint-Jean-les-Deux-Jumeaux,200077055,CA Coulommiers Pays de Brie,77,
77433,Beautheil-Saints,200077055,CA Coulommiers Pays de Brie,77,
77440,Sammeron,200077055,CA Coulommiers Pays de Brie,77,
77448,Sept-Sorts,200077055,CA Coulommiers Pays de Brie,77,
77451,Signy-Signets,200077055,CA Coulommiers Pays de Brie,77,
77469,Touquin,200077055,CA Coulommiers Pays de Brie,77,
77478,Ussy-sur-Marne,200077055,CA Coulommiers Pays de Brie,77,
77079,Champagne-sur-Seine,247700032,CC Moret Seine et Loing,77,
77161,Dormelles,247700032,CC Moret Seine et Loing,77,
77184,Flagy,247700032,CC Moret Seine et Loing,77,
77202,La Genevraye,247700032,CC Moret Seine et Loing,77,
77312,Montigny-sur-Loing,247700032,CC Moret Seine et Loing,77,
77316,Moret-Loing-et-Orvanne,247700032,CC Moret Seine et Loing,77,
77329,Nanteau-sur-Lunain,247700032,CC Moret Seine et Loing,77,
77340,Nonville,247700032,CC Moret Seine et Loing,77,
77353,Paley,247700032,CC Moret Seine et Loing,77,
77387,Remauville,247700032,CC Moret Seine et Loing,77,
77419,Saint-Mammès,247700032,CC Moret Seine et Loing,77,
77463,Thomery,247700032,CC Moret Seine et Loing,77,
77473,Treuzy-Levelay,247700032,CC Moret Seine et Loing,77,
77494,Vernou-la-Celle-sur-Seine,247700032,CC Moret Seine et Loing,77,
77501,Villecerf,247700032,CC Moret Seine et Loing,77,
77504,Villemaréchal,247700032,CC Moret Seine et Loing,77,
77506,Villemer,247700032,CC Moret Seine et Loing,77,
77516,Ville-Saint-Jacques,247700032,CC Moret Seine et Loing,77,
77038,Boissettes,247700057,CA Melun Val de Seine,77,
77039,Boissise-la-Bertrand,247700057,CA Melun Val de Seine,77,
77040,Boissise-le-Roi,247700057,CA Melun Val de Seine,77,
77152,Dammarie-les-Lys,247700057,CA Melun Val de Seine,77,
77252,Limoges-Fourches,247700057,CA Melun Val de Seine,77,
77253,Lissy,247700057,CA Melun Val de Seine,77,
77255,Livry-sur-Seine,247700057,CA Melun Val de Seine,77,
77269,Maincy,247700057,CA Melun Val de Seine,77,
77285,Le Mée-sur-Seine,247700057,CA Melun Val de Seine,77,
77288,Melun,247700057,CA Melun Val de Seine,77,
77306,Montereau-sur-le-Jard,247700057,CA Melun Val de Seine,77,
77378,Pringy,247700057,CA Melun Val de Seine,77,
77389,La Rochette,247700057,CA Melun Val de Seine,77,
77394,Rubelles,247700057,CA Melun Val de Seine,77,
77407,Saint-Fargeau-Ponthierry,247700057,CA Melun Val de Seine,77,
77410,Saint-Germain-Laxis,247700057,CA Melun Val de Seine,77,
77447,Seine-Port,247700057,CA Melun Val de Seine,77,
77487,Vaux-le-Pénil,247700057,CA Melun Val de Seine,77,
77518,Villiers-en-Bière,247700057,CA Melun Val de Seine,77,
77528,Voisenon,247700057,CA Melun Val de Seine,77,
77008,Armentières-en-Brie,247700065,CC du Pays de l'Ourcq,77,
77120,Cocherel,247700065,CC du Pays de l'Ourcq,77,
77126,Congis-sur-Thérouanne,247700065,CC du Pays de l'Ourcq,77,
77129,Coulombs-en-Valois,247700065,CC du Pays de l'Ourcq,77,
77148,Crouy-sur-Ourcq,247700065,CC du Pays de l'Ourcq,77,
77157,Dhuisy,247700065,CC du Pays de l'Ourcq,77,
77163,Douy-la-Ramée,247700065,CC du Pays de l'Ourcq,77,
77173,Étrépilly,247700065,CC du Pays de l'Ourcq,77,
77204,Germigny-sous-Coulombs,247700065,CC du Pays de l'Ourcq,77,
77231,Isles-les-Meldeuses,247700065,CC du Pays de l'Ourcq,77,
77235,Jaignes,247700065,CC du Pays de l'Ourcq,77,
77257,Lizy-sur-Ourcq,247700065,CC du Pays de l'Ourcq,77,
77274,Marcilly,247700065,CC du Pays de l'Ourcq,77,
77280,Mary-sur-Marne,247700065,CC du Pays de l'Ourcq,77,
77283,May-en-Multien,247700065,CC du Pays de l'Ourcq,77,
77343,Ocquerre,247700065,CC du Pays de l'Ourcq,77,
77367,Le Plessis-Placy,247700065,CC du Pays de l'Ourcq,77,
77380,Puisieux,247700065,CC du Pays de l'Ourcq,77,
77460,Tancrou,247700065,CC du Pays de l'Ourcq,77,
77476,Trocy-en-Multien,247700065,CC du Pays de l'Ourcq,77,
77490,Vendrest,247700065,CC du Pays de l'Ourcq,77,
77526,Vincy-Manoeuvre,247700065,CC du Pays de l'Ourcq,77,
77021,Barbey,247700107,CC Pays de Montereau,77,
77035,Blennes,247700107,CC Pays de Montereau,77,
77054,La Brosse-Montceaux,247700107,CC Pays de Montereau,77,
77061,Cannes-Écluse,247700107,CC Pays de Montereau,77,
77115,Chevry-en-Sereine,247700107,CC Pays de Montereau,77,
77133,Courcelles-en-Bassée,247700107,CC Pays de Montereau,77,
77158,Diant,247700107,CC Pays de Montereau,77,
77172,Esmans,247700107,CC Pays de Montereau,77,
77194,Forges,247700107,CC Pays de Montereau,77,
77210,La Grande-Paroisse,247700107,CC Pays de Montereau,77,
77245,Laval-en-Brie,247700107,CC Pays de Montereau,77,
77279,Marolles-sur-Seine,247700107,CC Pays de Montereau,77,
77293,Misy-sur-Yonne,247700107,CC Pays de Montereau,77,
77305,Montereau-Fault-Yonne,247700107,CC Pays de Montereau,77,
77313,Montmachoux,247700107,CC Pays de Montereau,77,
77338,Noisy-Rudignon,247700107,CC Pays de Montereau,77,
77409,Saint-Germain-Laval,247700107,CC Pays de Montereau,77,
77439,Salins,247700107,CC Pays de Montereau,77,
77465,Thoury-Férottes,247700107,CC Pays de Montereau,77,
77482,Varennes-sur-Seine,247700107,CC Pays de Montereau,77,
77531,Voulx,247700107,CC Pays de Montereau,77,
77018,Bailly-Romainvilliers,247700339,CA Val d'Europe Agglomération,77,
77111,Chessy,247700339,CA Val d'Europe Agglomération,77,
77132,Coupvray,247700339,CA Val d'Europe Agglomération,77,
77268,Magny-le-Hongre,247700339,CA Val d'Europe Agglomération,77,
77449,Serris,247700339,CA Val d'Europe Agglomération,77,
77508,Villeneuve-le-Comte,247700339,CA Val d'Europe Agglomération,77,
77510,Villeneuve-Saint-Denis,247700339,CA Val d'Europe Agglomération,77,
77047,Bouleurs,247700438,CC Pays Créçois,77,
77049,Boutigny,247700438,CC Pays Créçois,77,
77125,Condé-Sainte-Libiaire,247700438,CC Pays Créçois,77,
77128,Couilly-Pont-aux-Dames,247700438,CC Pays Créçois,77,
77130,Coulommes,247700438,CC Pays Créçois,77,
77141,Coutevroult,247700438,CC Pays Créçois,77,
77142,Crécy-la-Chapelle,247700438,CC Pays Créçois,77,
77171,Esbly,247700438,CC Pays Créçois,77,
77225,La Haute-Maison,247700438,CC Pays Créçois,77,
77315,Montry,247700438,CC Pays Créçois,77,
77382,Quincy-Voisins,247700438,CC Pays Créçois,77,
77408,Saint-Fiacre,247700438,CC Pays Créçois,77,
77413,Saint-Germain-sur-Morin,247700438,CC Pays Créçois,77,
77443,Sancy,247700438,CC Pays Créçois,77,
77466,Tigeaux,247700438,CC Pays Créçois,77,
77484,Vaucourtois,247700438,CC Pays Créçois,77,
77505,Villemareuil,247700438,CC Pays Créçois,77,
77521,Villiers-sur-Morin,247700438,CC Pays Créçois,77,
77529,Voulangis,247700438,CC Pays Créçois,77,
77058,Bussy-Saint-Georges,247700594,CA Marne et Gondoire,77,
77059,Bussy-Saint-Martin,247700594,CA Marne et Gondoire,77,
77062,Carnetin,247700594,CA Marne et Gondoire,77,
77075,Chalifert,247700594,CA Marne et Gondoire,77,
77085,Chanteloup-en-Brie,247700594,CA Marne et Gondoire,77,
77121,Collégien,247700594,CA Marne et Gondoire,77,
77124,Conches-sur-Gondoire,247700594,CA Marne et Gondoire,77,
77155,Dampmart,247700594,CA Marne et Gondoire,77,
77181,Ferrières-en-Brie,247700594,CA Marne et Gondoire,77,
77209,Gouvernes,247700594,CA Marne et Gondoire,77,
77221,Guermantes,247700594,CA Marne et Gondoire,77,
77234,Jablines,247700594,CA Marne et Gondoire,77,
77237,Jossigny,247700594,CA Marne et Gondoire,77,
77243,Lagny-sur-Marne,247700594,CA Marne et Gondoire,77,
77248,Lesches,247700594,CA Marne et Gondoire,77,
77307,Montévrain,247700594,CA Marne et Gondoire,77,
77372,Pomponne,247700594,CA Marne et Gondoire,77,
77374,Pontcarré,247700594,CA Marne et Gondoire,77,
77438,Saint-Thibault-des-Vignes,247700594,CA Marne et Gondoire,77,
77464,Thorigny-sur-Marne,247700594,CA Marne et Gondoire,77,
77053,Brie-Comte-Robert,247700644,CC l'Orée de la Brie,77,
77114,Chevry-Cossigny,247700644,CC l'Orée de la Brie,77,
77450,Servon,247700644,CC l'Orée de la Brie,77,
77010,Aubepierre-Ozouer-le-Repos,247700701,CC Brie Nangissienne,77,
77052,Bréau,247700701,CC Brie Nangissienne,77,
77086,La Chapelle-Gauthier,247700701,CC Brie Nangissienne,77,
77089,La Chapelle-Rablais,247700701,CC Brie Nangissienne,77,
77098,Châteaubleau,247700701,CC Brie Nangissienne,77,
77119,Clos-Fontaine,247700701,CC Brie Nangissienne,77,
77147,La Croix-en-Brie,247700701,CC Brie Nangissienne,77,
77190,Fontains,247700701,CC Brie Nangissienne,77,
77191,Fontenailles,247700701,CC Brie Nangissienne,77,
77201,Gastins,247700701,CC Brie Nangissienne,77,
77211,Grandpuits-Bailly-Carrois,247700701,CC Brie Nangissienne,77,
77317,Mormant,247700701,CC Brie Nangissienne,77,
77327,Nangis,247700701,CC Brie Nangissienne,77,
77381,Quiers,247700701,CC Brie Nangissienne,77,
77383,Rampillon,247700701,CC Brie Nangissienne,77,
77416,Saint-Just-en-Brie,247700701,CC Brie Nangissienne,77,
77428,Saint-Ouen-en-Brie,247700701,CC Brie Nangissienne,77,
77481,Vanvillé,247700701,CC Brie Nangissienne,77,
77493,Verneuil-l'Étang,247700701,CC Brie Nangissienne,77,
77496,Vieux-Champagne,247700701,CC Brie Nangissienne,77,
78160,Chevreuse,200033173,CC de la Haute Vallée de Chevreuse,78,
78162,Choisel,200033173,CC de la Haute Vallée de Chevreuse,78,
78193,Dampierre-en-Yvelines,200033173,CC de la Haute Vallée de Chevreuse,78,
78334,Lévis-Saint-Nom,200033173,CC de la Haute Vallée de Chevreuse,78,
78397,Le Mesnil-Saint-Denis,200033173,CC de la Haute Vallée de Chevreuse,78,
78406,Milon-la-Chapelle,200033173,CC de la Haute Vallée de Chevreuse,78,
78548,Saint-Forget,200033173,CC de la Haute Vallée de Chevreuse,78,
78561,Saint-Lambert,200033173,CC de la Haute Vallée de Chevreuse,78,
78575,Saint-Rémy-lès-Chevreuse,200033173,CC de la Haute Vallée de Chevreuse,78,
78590,Senlisse,200033173,CC de la Haute Vallée de Chevreuse,78,
78013,Andelu,200034130,CC Gally Mauldre,78,
78049,Bazemont,200034130,CC Gally Mauldre,78,
78152,Chavenay,200034130,CC Gally Mauldre,78,
78189,Crespières,200034130,CC Gally Mauldre,78,
78196,Davron,200034130,CC Gally Mauldre,78,
78233,Feucherolles,200034130,CC Gally Mauldre,78,
78305,Herbeville,200034130,CC Gally Mauldre,78,
78368,Mareil-sur-Mauldre,200034130,CC Gally Mauldre,78,
78380,Maule,200034130,CC Gally Mauldre,78,
78415,Montainville,200034130,CC Gally Mauldre,78,
78571,Saint-Nom-la-Bretèche,200034130,CC Gally Mauldre,78,
78007,Aigremont,200058519,CA Saint-Germain Boucles de Seine,78,
78124,Carrières-sur-Seine,200058519,CA Saint-Germain Boucles de Seine,78,
78133,Chambourcy,200058519,CA Saint-Germain Boucles de Seine,78,
78146,Chatou,200058519,CA Saint-Germain Boucles de Seine,78,
78190,Croissy-sur-Seine,200058519,CA Saint-Germain Boucles de Seine,78,
78224,L'Étang-la-Ville,200058519,CA Saint-Germain Boucles de Seine,78,
78311,Houilles,200058519,CA Saint-Germain Boucles de Seine,78,
78350,Louveciennes,200058519,CA Saint-Germain Boucles de Seine,78,
78358,Maisons-Laffitte,200058519,CA Saint-Germain Boucles de Seine,78,
78367,Mareil-Marly,200058519,CA Saint-Germain Boucles de Seine,78,
78372,Marly-le-Roi,200058519,CA Saint-Germain Boucles de Seine,78,
78396,Le Mesnil-le-Roi,200058519,CA Saint-Germain Boucles de Seine,78,
78418,Montesson,200058519,CA Saint-Germain Boucles de Seine,78,
78481,Le Pecq,200058519,CA Saint-Germain Boucles de Seine,78,
78502,Le Port-Marly,200058519,CA Saint-Germain Boucles de Seine,78,
78551,Saint-Germain-en-Laye,200058519,CA Saint-Germain Boucles de Seine,78,
78586,Sartrouville,200058519,CA Saint-Germain Boucles de Seine,78,
78650,Le Vésinet,200058519,CA Saint-Germain Boucles de Seine,78,
78165,Les Clayes-sous-Bois,200058782,CA de Saint-Quentin-en-Yvelines,78,
78168,Coignières,200058782,CA de Saint-Quentin-en-Yvelines,78,
78208,Élancourt,200058782,CA de Saint-Quentin-en-Yvelines,78,
78297,Guyancourt,200058782,CA de Saint-Quentin-en-Yvelines,78,
78356,Magny-les-Hameaux,200058782,CA de Saint-Quentin-en-Yvelines,78,
78383,Maurepas,200058782,CA de Saint-Quentin-en-Yvelines,78,
78423,Montigny-le-Bretonneux,200058782,CA de Saint-Quentin-en-Yvelines,78,
78490,Plaisir,200058782,CA de Saint-Quentin-en-Yvelines,78,
78621,Trappes,200058782,CA de Saint-Quentin-en-Yvelines,78,
78644,La Verrière,200058782,CA de Saint-Quentin-en-Yvelines,78,
78674,Villepreux,200058782,CA de Saint-Quentin-en-Yvelines,78,
78688,Voisins-le-Bretonneux,200058782,CA de Saint-Quentin-en-Yvelines,78,
78005,Achères,200059889,CU Grand Paris Seine et Oise,78,
78010,Les Alluets-le-Roi,200059889,CU Grand Paris Seine et Oise,78,
78015,Andrésy,200059889,CU Grand Paris Seine et Oise,78,
78020,Arnouville-lès-Mantes,200059889,CU Grand Paris Seine et Oise,78,
78029,Aubergenville,200059889,CU Grand Paris Seine et Oise,78,
78031,Auffreville-Brasseuil,200059889,CU Grand Paris Seine et Oise,78,
78033,Aulnay-sur-Mauldre,200059889,CU Grand Paris Seine et Oise,78,
78070,Boinville-en-Mantois,200059889,CU Grand Paris Seine et Oise,78,
78090,Bouafle,200059889,CU Grand Paris Seine et Oise,78,
78104,Breuil-Bois-Robert,200059889,CU Grand Paris Seine et Oise,78,
78113,Brueil-en-Vexin,200059889,CU Grand Paris Seine et Oise,78,
78118,Buchelay,200059889,CU Grand Paris Seine et Oise,78,
78123,Carrières-sous-Poissy,200059889,CU Grand Paris Seine et Oise,78,
78138,Chanteloup-les-Vignes,200059889,CU Grand Paris Seine et Oise,78,
78140,Chapet,200059889,CU Grand Paris Seine et Oise,78,
78172,Conflans-Sainte-Honorine,200059889,CU Grand Paris Seine et Oise,78,
78202,Drocourt,200059889,CU Grand Paris Seine et Oise,78,
78206,Ecquevilly,200059889,CU Grand Paris Seine et Oise,78,
78217,Épône,200059889,CU Grand Paris Seine et Oise,78,
78227,Évecquemont,200059889,CU Grand Paris Seine et Oise,78,
78230,La Falaise,200059889,CU Grand Paris Seine et Oise,78,
78231,Favrieux,200059889,CU Grand Paris Seine et Oise,78,
78234,Flacourt,200059889,CU Grand Paris Seine et Oise,78,
78238,Flins-sur-Seine,200059889,CU Grand Paris Seine et Oise,78,
78239,Follainville-Dennemont,200059889,CU Grand Paris Seine et Oise,78,
78245,Fontenay-Mauvoisin,200059889,CU Grand Paris Seine et Oise,78,
78246,Fontenay-Saint-Père,200059889,CU Grand Paris Seine et Oise,78,
78261,Gaillon-sur-Montcient,200059889,CU Grand Paris Seine et Oise,78,
78267,Gargenville,200059889,CU Grand Paris Seine et Oise,78,
78281,Goussonville,200059889,CU Grand Paris Seine et Oise,78,
78290,Guernes,200059889,CU Grand Paris Seine et Oise,78,
78291,Guerville,200059889,CU Grand Paris Seine et Oise,78,
78296,Guitrancourt,200059889,CU Grand Paris Seine et Oise,78,
78299,Hardricourt,200059889,CU Grand Paris Seine et Oise,78,
78300,Hargeville,200059889,CU Grand Paris Seine et Oise,78,
78314,Issou,200059889,CU Grand Paris Seine et Oise,78,
78317,Jambville,200059889,CU Grand Paris Seine et Oise,78,
78324,Jouy-Mauvoisin,200059889,CU Grand Paris Seine et Oise,78,
78325,Jumeauville,200059889,CU Grand Paris Seine et Oise,78,
78327,Juziers,200059889,CU Grand Paris Seine et Oise,78,
78329,Lainville-en-Vexin,200059889,CU Grand Paris Seine et Oise,78,
78335,Limay,200059889,CU Grand Paris Seine et Oise,78,
78354,Magnanville,200059889,CU Grand Paris Seine et Oise,78,
78361,Mantes-la-Jolie,200059889,CU Grand Paris Seine et Oise,78,
78362,Mantes-la-Ville,200059889,CU Grand Paris Seine et Oise,78,
78384,Médan,200059889,CU Grand Paris Seine et Oise,78,
78391,Méricourt,200059889,CU Grand Paris Seine et Oise,78,
78401,Meulan-en-Yvelines,200059889,CU Grand Paris Seine et Oise,78,
78402,Mézières-sur-Seine,200059889,CU Grand Paris Seine et Oise,78,
78403,Mézy-sur-Seine,200059889,CU Grand Paris Seine et Oise,78,
78416,Montalet-le-Bois,200059889,CU Grand Paris Seine et Oise,78,
78431,Morainvilliers,200059889,CU Grand Paris Seine et Oise,78,
78437,Mousseaux-sur-Seine,200059889,CU Grand Paris Seine et Oise,78,
78440,Les Mureaux,200059889,CU Grand Paris Seine et Oise,78,
78451,Nézel,200059889,CU Grand Paris Seine et Oise,78,
78460,Oinville-sur-Montcient,200059889,CU Grand Paris Seine et Oise,78,
78466,Orgeval,200059889,CU Grand Paris Seine et Oise,78,
78484,Perdreauville,200059889,CU Grand Paris Seine et Oise,78,
78498,Poissy,200059889,CU Grand Paris Seine et Oise,78,
78501,Porcheville,200059889,CU Grand Paris Seine et Oise,78,
78528,Rolleboise,200059889,CU Grand Paris Seine et Oise,78,
78531,Rosny-sur-Seine,200059889,CU Grand Paris Seine et Oise,78,
78536,Sailly,200059889,CU Grand Paris Seine et Oise,78,
78567,Saint-Martin-la-Garenne,200059889,CU Grand Paris Seine et Oise,78,
78597,Soindres,200059889,CU Grand Paris Seine et Oise,78,
78608,Le Tertre-Saint-Denis,200059889,CU Grand Paris Seine et Oise,78,
78609,Tessancourt-sur-Aubette,200059889,CU Grand Paris Seine et Oise,78,
78624,Triel-sur-Seine,200059889,CU Grand Paris Seine et Oise,78,
78638,Vaux-sur-Seine,200059889,CU Grand Paris Seine et Oise,78,
78642,Verneuil-sur-Seine,200059889,CU Grand Paris Seine et Oise,78,
78643,Vernouillet,200059889,CU Grand Paris Seine et Oise,78,
78647,Vert,200059889,CU Grand Paris Seine et Oise,78,
78672,Villennes-sur-Seine,200059889,CU Grand Paris Seine et Oise,78,
78057,Bennecourt,200071074,CC Les Portes de l'Ile de France,78,
78068,Blaru,200071074,CC Les Portes de l'Ile de France,78,
78082,Boissy-Mauvoisin,200071074,CC Les Portes de l'Ile de France,78,
78089,Bonnières-sur-Seine,200071074,CC Les Portes de l'Ile de France,78,
78107,Bréval,200071074,CC Les Portes de l'Ile de France,78,
78147,Chaufour-lès-Bonnières,200071074,CC Les Portes de l'Ile de France,78,
78188,Cravent,200071074,CC Les Portes de l'Ile de France,78,
78255,Freneuse,200071074,CC Les Portes de l'Ile de France,78,
78276,Gommecourt,200071074,CC Les Portes de l'Ile de France,78,
78320,Notre-Dame-de-la-Mer,200071074,CC Les Portes de l'Ile de France,78,
78337,Limetz-Villez,200071074,CC Les Portes de l'Ile de France,78,
78344,Lommoye,200071074,CC Les Portes de l'Ile de France,78,
78385,Ménerville,200071074,CC Les Portes de l'Ile de France,78,
78410,Moisson,200071074,CC Les Portes de l'Ile de France,78,
78444,Neauphlette,200071074,CC Les Portes de l'Ile de France,78,
78558,Saint-Illiers-la-Ville,200071074,CC Les Portes de l'Ile de France,78,
78559,Saint-Illiers-le-Bois,200071074,CC Les Portes de l'Ile de France,78,
78668,La Villeneuve-en-Chevrie,200071074,CC Les Portes de l'Ile de France,78,
78003,Ablis,200073344,CA Rambouillet Territoires,78,
78009,Allainville,200073344,CA Rambouillet Territoires,78,
78030,Auffargis,200073344,CA Rambouillet Territoires,78,
78071,Boinville-le-Gaillard,200073344,CA Rambouillet Territoires,78,
78077,La Boissière-École,200073344,CA Rambouillet Territoires,78,
78087,Bonnelles,200073344,CA Rambouillet Territoires,78,
78108,Les Bréviaires,200073344,CA Rambouillet Territoires,78,
78120,Bullion,200073344,CA Rambouillet Territoires,78,
78125,La Celle-les-Bordes,200073344,CA Rambouillet Territoires,78,
78128,Cernay-la-Ville,200073344,CA Rambouillet Territoires,78,
78164,Clairefontaine-en-Yvelines,200073344,CA Rambouillet Territoires,78,
78209,Émancé,200073344,CA Rambouillet Territoires,78,
78220,Les Essarts-le-Roi,200073344,CA Rambouillet Territoires,78,
78264,Gambaiseuil,200073344,CA Rambouillet Territoires,78,
78269,Gazeran,200073344,CA Rambouillet Territoires,78,
78307,Hermeray,200073344,CA Rambouillet Territoires,78,
78349,Longvilliers,200073344,CA Rambouillet Territoires,78,
78407,Mittainville,200073344,CA Rambouillet Territoires,78,
78464,Orcemont,200073344,CA Rambouillet Territoires,78,
78470,Orphin,200073344,CA Rambouillet Territoires,78,
78472,Orsonville,200073344,CA Rambouillet Territoires,78,
78478,Paray-Douaville,200073344,CA Rambouillet Territoires,78,
78486,Le Perray-en-Yvelines,200073344,CA Rambouillet Territoires,78,
78497,Poigny-la-Forêt,200073344,CA Rambouillet Territoires,78,
78499,Ponthévrard,200073344,CA Rambouillet Territoires,78,
78506,Prunay-en-Yvelines,200073344,CA Rambouillet Territoires,78,
78516,Raizeux,200073344,CA Rambouillet Territoires,78,
78517,Rambouillet,200073344,CA Rambouillet Territoires,78,
78522,Rochefort-en-Yvelines,200073344,CA Rambouillet Territoires,78,
78537,Saint-Arnoult-en-Yvelines,200073344,CA Rambouillet Territoires,78,
78557,Saint-Hilarion,200073344,CA Rambouillet Territoires,78,
78562,Saint-Léger-en-Yvelines,200073344,CA Rambouillet Territoires,78,
78564,Saint-Martin-de-Bréthencourt,200073344,CA Rambouillet Territoires,78,
78569,Sainte-Mesme,200073344,CA Rambouillet Territoires,78,
78601,Sonchamp,200073344,CA Rambouillet Territoires,78,
78655,Vieille-Église-en-Yvelines,200073344,CA Rambouillet Territoires,78,
78006,Adainville,247800550,CC du Pays Houdanais (C.C.P.H.),78,
78048,Bazainville,247800550,CC du Pays Houdanais (C.C.P.H.),78,
78072,Boinvilliers,247800550,CC du Pays Houdanais (C.C.P.H.),78,
78076,Boissets,247800550,CC du Pays Houdanais (C.C.P.H.),78,
78096,Bourdonné,247800550,CC du Pays Houdanais (C.C.P.H.),78,
78163,Civry-la-Forêt,247800550,CC du Pays Houdanais (C.C.P.H.),78,
78171,Condé-sur-Vesgre,247800550,CC du Pays Houdanais (C.C.P.H.),78,
78185,Courgent,247800550,CC du Pays Houdanais (C.C.P.H.),78,
78192,Dammartin-en-Serve,247800550,CC du Pays Houdanais (C.C.P.H.),78,
78194,Dannemarie,247800550,CC du Pays Houdanais (C.C.P.H.),78,
78237,Flins-Neuve-Église,247800550,CC du Pays Houdanais (C.C.P.H.),78,
78283,Grandchamp,247800550,CC du Pays Houdanais (C.C.P.H.),78,
78285,Gressey,247800550,CC du Pays Houdanais (C.C.P.H.),78,
78302,La Hauteville,247800550,CC du Pays Houdanais (C.C.P.H.),78,
78310,Houdan,247800550,CC du Pays Houdanais (C.C.P.H.),78,
78346,Longnes,247800550,CC du Pays Houdanais (C.C.P.H.),78,
78381,Maulette,247800550,CC du Pays Houdanais (C.C.P.H.),78,
78413,Mondreville,247800550,CC du Pays Houdanais (C.C.P.H.),78,
78417,Montchauvet,247800550,CC du Pays Houdanais (C.C.P.H.),78,
78439,Mulcent,247800550,CC du Pays Houdanais (C.C.P.H.),78,
78465,Orgerus,247800550,CC du Pays Houdanais (C.C.P.H.),78,
78474,Orvilliers,247800550,CC du Pays Houdanais (C.C.P.H.),78,
78475,Osmoy,247800550,CC du Pays Houdanais (C.C.P.H.),78,
78505,Prunay-le-Temple,247800550,CC du Pays Houdanais (C.C.P.H.),78,
78520,Richebourg,247800550,CC du Pays Houdanais (C.C.P.H.),78,
78530,Rosay,247800550,CC du Pays Houdanais (C.C.P.H.),78,
78565,Saint-Martin-des-Champs,247800550,CC du Pays Houdanais (C.C.P.H.),78,
78591,Septeuil,247800550,CC du Pays Houdanais (C.C.P.H.),78,
78605,Tacoignières,247800550,CC du Pays Houdanais (C.C.P.H.),78,
78606,Le Tartre-Gaudran,247800550,CC du Pays Houdanais (C.C.P.H.),78,
78618,Tilly,247800550,CC du Pays Houdanais (C.C.P.H.),78,
78677,Villette,247800550,CC du Pays Houdanais (C.C.P.H.),78,
78043,Bailly,247800584,CA Versailles Grand Parc (C.A.V.G.P.),78,
78073,Bois-d'Arcy,247800584,CA Versailles Grand Parc (C.A.V.G.P.),78,
78092,Bougival,247800584,CA Versailles Grand Parc (C.A.V.G.P.),78,
78117,Buc,247800584,CA Versailles Grand Parc (C.A.V.G.P.),78,
78126,La Celle-Saint-Cloud,247800584,CA Versailles Grand Parc (C.A.V.G.P.),78,
78143,Châteaufort,247800584,CA Versailles Grand Parc (C.A.V.G.P.),78,
78158,Le Chesnay-Rocquencourt,247800584,CA Versailles Grand Parc (C.A.V.G.P.),78,
78242,Fontenay-le-Fleury,247800584,CA Versailles Grand Parc (C.A.V.G.P.),78,
78322,Jouy-en-Josas,247800584,CA Versailles Grand Parc (C.A.V.G.P.),78,
78343,Les Loges-en-Josas,247800584,CA Versailles Grand Parc (C.A.V.G.P.),78,
78455,Noisy-le-Roi,247800584,CA Versailles Grand Parc (C.A.V.G.P.),78,
78518,Rennemoulin,247800584,CA Versailles Grand Parc (C.A.V.G.P.),78,
78545,Saint-Cyr-l'École,247800584,CA Versailles Grand Parc (C.A.V.G.P.),78,
78620,Toussus-le-Noble,247800584,CA Versailles Grand Parc (C.A.V.G.P.),78,
78640,Vélizy-Villacoublay,247800584,CA Versailles Grand Parc (C.A.V.G.P.),78,
78646,Versailles,247800584,CA Versailles Grand Parc (C.A.V.G.P.),78,
78686,Viroflay,247800584,CA Versailles Grand Parc (C.A.V.G.P.),78,
78034,Auteuil,247800618,CC Coeur d'Yvelines,78,
78036,Autouillet,247800618,CC Coeur d'Yvelines,78,
78050,Bazoches-sur-Guyonne,247800618,CC Coeur d'Yvelines,78,
78053,Béhoust,247800618,CC Coeur d'Yvelines,78,
78062,Beynes,247800618,CC Coeur d'Yvelines,78,
78084,Boissy-sans-Avoir,247800618,CC Coeur d'Yvelines,78,
78236,Flexanville,247800618,CC Coeur d'Yvelines,78,
78262,Galluis,247800618,CC Coeur d'Yvelines,78,
78263,Gambais,247800618,CC Coeur d'Yvelines,78,
78265,Garancières,247800618,CC Coeur d'Yvelines,78,
78278,Goupillières,247800618,CC Coeur d'Yvelines,78,
78289,Grosrouvre,247800618,CC Coeur d'Yvelines,78,
78321,Jouars-Pontchartrain,247800618,CC Coeur d'Yvelines,78,
78364,Marcq,247800618,CC Coeur d'Yvelines,78,
78366,Mareil-le-Guyon,247800618,CC Coeur d'Yvelines,78,
78389,Méré,247800618,CC Coeur d'Yvelines,78,
78398,Les Mesnuls,247800618,CC Coeur d'Yvelines,78,
78404,Millemont,247800618,CC Coeur d'Yvelines,78,
78420,Montfort-l'Amaury,247800618,CC Coeur d'Yvelines,78,
78442,Neauphle-le-Château,247800618,CC Coeur d'Yvelines,78,
78443,Neauphle-le-Vieux,247800618,CC Coeur d'Yvelines,78,
78513,La Queue-les-Yvelines,247800618,CC Coeur d'Yvelines,78,
78550,Saint-Germain-de-la-Grange,247800618,CC Coeur d'Yvelines,78,
78576,Saint-Rémy-l'Honoré,247800618,CC Coeur d'Yvelines,78,
78588,Saulx-Marchais,247800618,CC Coeur d'Yvelines,78,
78615,Thiverval-Grignon,247800618,CC Coeur d'Yvelines,78,
78616,Thoiry,247800618,CC Coeur d'Yvelines,78,
78623,Le Tremblay-sur-Mauldre,247800618,CC Coeur d'Yvelines,78,
78653,Vicq,247800618,CC Coeur d'Yvelines,78,
78681,Villiers-le-Mahieu,247800618,CC Coeur d'Yvelines,78,
78683,Villiers-Saint-Frédéric,247800618,CC Coeur d'Yvelines,78,
78382,Maurecourt,249500109,CA de Cergy-Pontoise,78,
91001,Abbéville-la-Rivière,200017846,CA Étampois Sud-Essonne (CCESE),91,
91016,Angerville,200017846,CA Étampois Sud-Essonne (CCESE),91,
91022,Arrancourt,200017846,CA Étampois Sud-Essonne (CCESE),91,
91035,Authon-la-Plaine,200017846,CA Étampois Sud-Essonne (CCESE),91,
91067,Blandy,200017846,CA Étampois Sud-Essonne (CCESE),91,
91075,Bois-Herpin,200017846,CA Étampois Sud-Essonne (CCESE),91,
91079,Boissy-la-Rivière,200017846,CA Étampois Sud-Essonne (CCESE),91,
91081,Boissy-le-Sec,200017846,CA Étampois Sud-Essonne (CCESE),91,
91098,Boutervilliers,200017846,CA Étampois Sud-Essonne (CCESE),91,
91100,Bouville,200017846,CA Étampois Sud-Essonne (CCESE),91,
91109,Brières-les-Scellés,200017846,CA Étampois Sud-Essonne (CCESE),91,
91112,Brouy,200017846,CA Étampois Sud-Essonne (CCESE),91,
91130,Chalo-Saint-Mars,200017846,CA Étampois Sud-Essonne (CCESE),91,
91131,Chalou-Moulineux,200017846,CA Étampois Sud-Essonne (CCESE),91,
91137,Champmotteux,200017846,CA Étampois Sud-Essonne (CCESE),91,
91145,Chatignonville,200017846,CA Étampois Sud-Essonne (CCESE),91,
91223,Étampes,200017846,CA Étampois Sud-Essonne (CCESE),91,
91240,Fontaine-la-Rivière,200017846,CA Étampois Sud-Essonne (CCESE),91,
91248,La Forêt-Sainte-Croix,200017846,CA Étampois Sud-Essonne (CCESE),91,
91294,Guillerval,200017846,CA Étampois Sud-Essonne (CCESE),91,
91374,Marolles-en-Beauce,200017846,CA Étampois Sud-Essonne (CCESE),91,
91390,Le Mérévillois,200017846,CA Étampois Sud-Essonne (CCESE),91,
91393,Mérobert,200017846,CA Étampois Sud-Essonne (CCESE),91,
91399,Mespuits,200017846,CA Étampois Sud-Essonne (CCESE),91,
91414,Monnerville,200017846,CA Étampois Sud-Essonne (CCESE),91,
91433,Morigny-Champigny,200017846,CA Étampois Sud-Essonne (CCESE),91,
91469,Ormoy-la-Rivière,200017846,CA Étampois Sud-Essonne (CCESE),91,
91495,Plessis-Saint-Benoist,200017846,CA Étampois Sud-Essonne (CCESE),91,
91508,Puiselet-le-Marais,200017846,CA Étampois Sud-Essonne (CCESE),91,
91511,Pussay,200017846,CA Étampois Sud-Essonne (CCESE),91,
91526,Roinvilliers,200017846,CA Étampois Sud-Essonne (CCESE),91,
91533,Saclas,200017846,CA Étampois Sud-Essonne (CCESE),91,
91544,Saint-Cyr-la-Rivière,200017846,CA Étampois Sud-Essonne (CCESE),91,
91547,Saint-Escobille,200017846,CA Étampois Sud-Essonne (CCESE),91,
91556,Saint-Hilaire,200017846,CA Étampois Sud-Essonne (CCESE),91,
91613,Congerville-Thionville,200017846,CA Étampois Sud-Essonne (CCESE),91,
91629,Valpuiseaux,200017846,CA Étampois Sud-Essonne (CCESE),91,
91027,Athis-Mons,200054781,Métropole du Grand Paris,91,
91326,Juvisy-sur-Orge,200054781,Métropole du Grand Paris,91,
91432,Morangis,200054781,Métropole du Grand Paris,91,
91479,Paray-Vieille-Poste,200054781,Métropole du Grand Paris,91,
91589,Savigny-sur-Orge,200054781,Métropole du Grand Paris,91,
91687,Viry-Châtillon,200054781,Métropole du Grand Paris,91,
91044,Ballainvilliers,200056232,CA Communauté Paris-Saclay,91,
91122,Bures-sur-Yvette,200056232,CA Communauté Paris-Saclay,91,
91136,Champlan,200056232,CA Communauté Paris-Saclay,91,
91161,Chilly-Mazarin,200056232,CA Communauté Paris-Saclay,91,
91216,Épinay-sur-Orge,200056232,CA Communauté Paris-Saclay,91,
91272,Gif-sur-Yvette,200056232,CA Communauté Paris-Saclay,91,
91275,Gometz-le-Châtel,200056232,CA Communauté Paris-Saclay,91,
91312,Igny,200056232,CA Communauté Paris-Saclay,91,
91339,Linas,200056232,CA Communauté Paris-Saclay,91,
91345,Longjumeau,200056232,CA Communauté Paris-Saclay,91,
91363,Marcoussis,200056232,CA Communauté Paris-Saclay,91,
91377,Massy,200056232,CA Communauté Paris-Saclay,91,
91425,Montlhéry,200056232,CA Communauté Paris-Saclay,91,
91458,Nozay,200056232,CA Communauté Paris-Saclay,91,
91471,Orsay,200056232,CA Communauté Paris-Saclay,91,
91477,Palaiseau,200056232,CA Communauté Paris-Saclay,91,
91534,Saclay,200056232,CA Communauté Paris-Saclay,91,
91538,Saint-Aubin,200056232,CA Communauté Paris-Saclay,91,
91587,Saulx-les-Chartreux,200056232,CA Communauté Paris-Saclay,91,
91635,Vauhallan,200056232,CA Communauté Paris-Saclay,91,
91645,Verrières-le-Buisson,200056232,CA Communauté Paris-Saclay,91,
91661,Villebon-sur-Yvette,200056232,CA Communauté Paris-Saclay,91,
91665,La Ville-du-Bois,200056232,CA Communauté Paris-Saclay,91,
91666,Villejust,200056232,CA Communauté Paris-Saclay,91,
91679,Villiers-le-Bâcle,200056232,CA Communauté Paris-Saclay,91,
91689,Wissous,200056232,CA Communauté Paris-Saclay,91,
91692,Les Ulis,200056232,CA Communauté Paris-Saclay,91,
91021,Arpajon,200057859,CA Coeur d'Essonne Agglomération,91,
91041,Avrainville,200057859,CA Coeur d'Essonne Agglomération,91,
91103,Brétigny-sur-Orge,200057859,CA Coeur d'Essonne Agglomération,91,
91105,Breuillet,200057859,CA Coeur d'Essonne Agglomération,91,
91115,Bruyères-le-Châtel,200057859,CA Coeur d'Essonne Agglomération,91,
91156,Cheptainville,200057859,CA Coeur d'Essonne Agglomération,91,
91207,Égly,200057859,CA Coeur d'Essonne Agglomération,91,
91235,Fleury-Mérogis,200057859,CA Coeur d'Essonne Agglomération,91,
91292,Guibeville,200057859,CA Coeur d'Essonne Agglomération,91,
91333,Leuville-sur-Orge,200057859,CA Coeur d'Essonne Agglomération,91,
91347,Longpont-sur-Orge,200057859,CA Coeur d'Essonne Agglomération,91,
91376,Marolles-en-Hurepoix,200057859,CA Coeur d'Essonne Agglomération,91,
91434,Morsang-sur-Orge,200057859,CA Coeur d'Essonne Agglomération,91,
91457,La Norville,200057859,CA Coeur d'Essonne Agglomération,91,
91461,Ollainville,200057859,CA Coeur d'Essonne Agglomération,91,
91494,Le Plessis-Pâté,200057859,CA Coeur d'Essonne Agglomération,91,
91549,Sainte-Geneviève-des-Bois,200057859,CA Coeur d'Essonne Agglomération,91,
91552,Saint-Germain-lès-Arpajon,200057859,CA Coeur d'Essonne Agglomération,91,
91570,Saint-Michel-sur-Orge,200057859,CA Coeur d'Essonne Agglomération,91,
91667,Villemoisson-sur-Orge,200057859,CA Coeur d'Essonne Agglomération,91,
91685,Villiers-sur-Orge,200057859,CA Coeur d'Essonne Agglomération,91,
91097,Boussy-Saint-Antoine,200058477,CA Val d'Yerres Val de Seine,91,
91114,Brunoy,200058477,CA Val d'Yerres Val de Seine,91,
91191,Crosne,200058477,CA Val d'Yerres Val de Seine,91,
91201,Draveil,200058477,CA Val d'Yerres Val de Seine,91,
91215,Épinay-sous-Sénart,200058477,CA Val d'Yerres Val de Seine,91,
91421,Montgeron,200058477,CA Val d'Yerres Val de Seine,91,
91514,Quincy-sous-Sénart,200058477,CA Val d'Yerres Val de Seine,91,
91657,Vigneux-sur-Seine,200058477,CA Val d'Yerres Val de Seine,91,
91691,Yerres,200058477,CA Val d'Yerres Val de Seine,91,
91086,Bondoufle,200059228,CA Grand Paris Sud Seine Essonne Sénart,91,
91174,Corbeil-Essonnes,200059228,CA Grand Paris Sud Seine Essonne Sénart,91,
91179,Le Coudray-Montceaux,200059228,CA Grand Paris Sud Seine Essonne Sénart,91,
91225,Étiolles,200059228,CA Grand Paris Sud Seine Essonne Sénart,91,
91228,Évry-Courcouronnes,200059228,CA Grand Paris Sud Seine Essonne Sénart,91,
91286,Grigny,200059228,CA Grand Paris Sud Seine Essonne Sénart,91,
91340,Lisses,200059228,CA Grand Paris Sud Seine Essonne Sénart,91,
91435,Morsang-sur-Seine,200059228,CA Grand Paris Sud Seine Essonne Sénart,91,
91521,Ris-Orangis,200059228,CA Grand Paris Sud Seine Essonne Sénart,91,
91553,Saint-Germain-lès-Corbeil,200059228,CA Grand Paris Sud Seine Essonne Sénart,91,
91573,Saint-Pierre-du-Perray,200059228,CA Grand Paris Sud Seine Essonne Sénart,91,
91577,Saintry-sur-Seine,200059228,CA Grand Paris Sud Seine Essonne Sénart,91,
91600,Soisy-sur-Seine,200059228,CA Grand Paris Sud Seine Essonne Sénart,91,
91617,Tigery,200059228,CA Grand Paris Sud Seine Essonne Sénart,91,
91659,Villabé,200059228,CA Grand Paris Sud Seine Essonne Sénart,91,
91631,Varennes-Jarcy,247700644,CC l'Orée de la Brie,91,
91064,Bièvres,247800584,CA Versailles Grand Parc (C.A.V.G.P.),91,
91017,Angervilliers,249100074,CC du Pays de Limours (CCPL),91,
91093,Boullay-les-Troux,249100074,CC du Pays de Limours (CCPL),91,
91111,Briis-sous-Forges,249100074,CC du Pays de Limours (CCPL),91,
91186,Courson-Monteloup,249100074,CC du Pays de Limours (CCPL),91,
91243,Fontenay-lès-Briis,249100074,CC du Pays de Limours (CCPL),91,
91249,Forges-les-Bains,249100074,CC du Pays de Limours (CCPL),91,
91274,Gometz-la-Ville,249100074,CC du Pays de Limours (CCPL),91,
91319,Janvry,249100074,CC du Pays de Limours (CCPL),91,
91338,Limours,249100074,CC du Pays de Limours (CCPL),91,
91411,Les Molières,249100074,CC du Pays de Limours (CCPL),91,
91482,Pecqueuse,249100074,CC du Pays de Limours (CCPL),91,
91560,Saint-Jean-de-Beauregard,249100074,CC du Pays de Limours (CCPL),91,
91568,Saint-Maurice-Montcouronne,249100074,CC du Pays de Limours (CCPL),91,
91634,Vaugrigneuse,249100074,CC du Pays de Limours (CCPL),91,
91069,Boigneville,249100157,CC des Deux Vallées,91,
91099,Boutigny-sur-Essonne,249100157,CC des Deux Vallées,91,
91121,Buno-Bonnevaux,249100157,CC des Deux Vallées,91,
91180,Courances,249100157,CC des Deux Vallées,91,
91184,Courdimanche-sur-Essonne,249100157,CC des Deux Vallées,91,
91195,Dannemois,249100157,CC des Deux Vallées,91,
91273,Gironville-sur-Essonne,249100157,CC des Deux Vallées,91,
91359,Maisse,249100157,CC des Deux Vallées,91,
91405,Milly-la-Forêt,249100157,CC des Deux Vallées,91,
91408,Moigny-sur-École,249100157,CC des Deux Vallées,91,
91412,Mondeville,249100157,CC des Deux Vallées,91,
91463,Oncy-sur-École,249100157,CC des Deux Vallées,91,
91507,Prunay-sur-Essonne,249100157,CC des Deux Vallées,91,
91599,Soisy-sur-École,249100157,CC des Deux Vallées,91,
91654,Videlles,249100157,CC des Deux Vallées,91,
91037,Auvernaux,249100546,CC du Val d'Essonne (CCVE),91,
91045,Ballancourt-sur-Essonne,249100546,CC du Val d'Essonne (CCVE),91,
91047,Baulne,249100546,CC du Val d'Essonne (CCVE),91,
91129,Cerny,249100546,CC du Val d'Essonne (CCVE),91,
91135,Champcueil,249100546,CC du Val d'Essonne (CCVE),91,
91159,Chevannes,249100546,CC du Val d'Essonne (CCVE),91,
91198,D'Huison-Longueville,249100546,CC du Val d'Essonne (CCVE),91,
91204,Écharcon,249100546,CC du Val d'Essonne (CCVE),91,
91232,La Ferté-Alais,249100546,CC du Val d'Essonne (CCVE),91,
91244,Fontenay-le-Vicomte,249100546,CC du Val d'Essonne (CCVE),91,
91293,Guigneville-sur-Essonne,249100546,CC du Val d'Essonne (CCVE),91,
91315,Itteville,249100546,CC du Val d'Essonne (CCVE),91,
91332,Leudeville,249100546,CC du Val d'Essonne (CCVE),91,
91386,Mennecy,249100546,CC du Val d'Essonne (CCVE),91,
91441,Nainville-les-Roches,249100546,CC du Val d'Essonne (CCVE),91,
91468,Ormoy,249100546,CC du Val d'Essonne (CCVE),91,
91473,Orveau,249100546,CC du Val d'Essonne (CCVE),91,
91579,Saint-Vrain,249100546,CC du Val d'Essonne (CCVE),91,
91639,Vayres-sur-Essonne,249100546,CC du Val d'Essonne (CCVE),91,
91648,Vert-le-Grand,249100546,CC du Val d'Essonne (CCVE),91,
91649,Vert-le-Petit,249100546,CC du Val d'Essonne (CCVE),91,
91038,Auvers-Saint-Georges,249100553,CC Entre Juine et Renarde (CCEJR),91,
91080,Boissy-le-Cutté,249100553,CC Entre Juine et Renarde (CCEJR),91,
91085,Boissy-sous-Saint-Yon,249100553,CC Entre Juine et Renarde (CCEJR),91,
91095,Bouray-sur-Juine,249100553,CC Entre Juine et Renarde (CCEJR),91,
91132,Chamarande,249100553,CC Entre Juine et Renarde (CCEJR),91,
91148,Chauffour-lès-Étréchy,249100553,CC Entre Juine et Renarde (CCEJR),91,
91226,Étréchy,249100553,CC Entre Juine et Renarde (CCEJR),91,
91318,Janville-sur-Juine,249100553,CC Entre Juine et Renarde (CCEJR),91,
91330,Lardy,249100553,CC Entre Juine et Renarde (CCEJR),91,
91378,Mauchamps,249100553,CC Entre Juine et Renarde (CCEJR),91,
91578,Saint-Sulpice-de-Favières,249100553,CC Entre Juine et Renarde (CCEJR),91,
91581,Saint-Yon,249100553,CC Entre Juine et Renarde (CCEJR),91,
91602,Souzy-la-Briche,249100553,CC Entre Juine et Renarde (CCEJR),91,
91619,Torfou,249100553,CC Entre Juine et Renarde (CCEJR),91,
91662,Villeconin,249100553,CC Entre Juine et Renarde (CCEJR),91,
91671,Villeneuve-sur-Auvers,249100553,CC Entre Juine et Renarde (CCEJR),91,
91106,Breux-Jouy,249100595,CC Le Dourdannais en Hurepoix (CCDH),91,
91175,Corbreuse,249100595,CC Le Dourdannais en Hurepoix (CCDH),91,
91200,Dourdan,249100595,CC Le Dourdannais en Hurepoix (CCDH),91,
91247,La Forêt-le-Roi,249100595,CC Le Dourdannais en Hurepoix (CCDH),91,
91284,Les Granges-le-Roi,249100595,CC Le Dourdannais en Hurepoix (CCDH),91,
91519,Richarville,249100595,CC Le Dourdannais en Hurepoix (CCDH),91,
91525,Roinville,249100595,CC Le Dourdannais en Hurepoix (CCDH),91,
91540,Saint-Chéron,249100595,CC Le Dourdannais en Hurepoix (CCDH),91,
91546,Saint-Cyr-sous-Dourdan,249100595,CC Le Dourdannais en Hurepoix (CCDH),91,
91593,Sermaise,249100595,CC Le Dourdannais en Hurepoix (CCDH),91,
91630,Le Val-Saint-Germain,249100595,CC Le Dourdannais en Hurepoix (CCDH),91,
92002,Antony,200054781,Métropole du Grand Paris,92,
92004,Asnières-sur-Seine,200054781,Métropole du Grand Paris,92,
92007,Bagneux,200054781,Métropole du Grand Paris,92,
92009,Bois-Colombes,200054781,Métropole du Grand Paris,92,
92012,Boulogne-Billancourt,200054781,Métropole du Grand Paris,92,
92014,Bourg-la-Reine,200054781,Métropole du Grand Paris,92,
92019,Châtenay-Malabry,200054781,Métropole du Grand Paris,92,
92020,Châtillon,200054781,Métropole du Grand Paris,92,
92022,Chaville,200054781,Métropole du Grand Paris,92,
92023,Clamart,200054781,Métropole du Grand Paris,92,
92024,Clichy,200054781,Métropole du Grand Paris,92,
92025,Colombes,200054781,Métropole du Grand Paris,92,
92026,Courbevoie,200054781,Métropole du Grand Paris,92,
92032,Fontenay-aux-Roses,200054781,Métropole du Grand Paris,92,
92033,Garches,200054781,Métropole du Grand Paris,92,
92035,La Garenne-Colombes,200054781,Métropole du Grand Paris,92,
92036,Gennevilliers,200054781,Métropole du Grand Paris,92,
92040,Issy-les-Moulineaux,200054781,Métropole du Grand Paris,92,
92044,Levallois-Perret,200054781,Métropole du Grand Paris,92,
92046,Malakoff,200054781,Métropole du Grand Paris,92,
92047,Marnes-la-Coquette,200054781,Métropole du Grand Paris,92,
92048,Meudon,200054781,Métropole du Grand Paris,92,
92049,Montrouge,200054781,Métropole du Grand Paris,92,
92050,Nanterre,200054781,Métropole du Grand Paris,92,
92051,Neuilly-sur-Seine,200054781,Métropole du Grand Paris,92,
92060,Le Plessis-Robinson,200054781,Métropole du Grand Paris,92,
92062,Puteaux,200054781,Métropole du Grand Paris,92,
92063,Rueil-Malmaison,200054781,Métropole du Grand Paris,92,
92064,Saint-Cloud,200054781,Métropole du Grand Paris,92,
92071,Sceaux,200054781,Métropole du Grand Paris,92,
92072,Sèvres,200054781,Métropole du Grand Paris,92,
92073,Suresnes,200054781,Métropole du Grand Paris,92,
92075,Vanves,200054781,Métropole du Grand Paris,92,
92076,Vaucresson,200054781,Métropole du Grand Paris,92,
92077,Ville-d'Avray,200054781,Métropole du Grand Paris,92,
92078,Villeneuve-la-Garenne,200054781,Métropole du Grand Paris,92,
93001,Aubervilliers,200054781,Métropole du Grand Paris,93,
93005,Aulnay-sous-Bois,200054781,Métropole du Grand Paris,93,
93006,Bagnolet,200054781,Métropole du Grand Paris,93,
93007,Le Blanc-Mesnil,200054781,Métropole du Grand Paris,93,
93008,Bobigny,200054781,Métropole du Grand Paris,93,
93010,Bondy,200054781,Métropole du Grand Paris,93,
93013,Le Bourget,200054781,Métropole du Grand Paris,93,
93014,Clichy-sous-Bois,200054781,Métropole du Grand Paris,93,
93015,Coubron,200054781,Métropole du Grand Paris,93,
93027,La Courneuve,200054781,Métropole du Grand Paris,93,
93029,Drancy,200054781,Métropole du Grand Paris,93,
93030,Dugny,200054781,Métropole du Grand Paris,93,
93031,Épinay-sur-Seine,200054781,Métropole du Grand Paris,93,
93032,Gagny,200054781,Métropole du Grand Paris,93,
93033,Gournay-sur-Marne,200054781,Métropole du Grand Paris,93,
93039,L'Île-Saint-Denis,200054781,Métropole du Grand Paris,93,
93045,Les Lilas,200054781,Métropole du Grand Paris,93,
93046,Livry-Gargan,200054781,Métropole du Grand Paris,93,
93047,Montfermeil,200054781,Métropole du Grand Paris,93,
93048,Montreuil,200054781,Métropole du Grand Paris,93,
93049,Neuilly-Plaisance,200054781,Métropole du Grand Paris,93,
93050,Neuilly-sur-Marne,200054781,Métropole du Grand Paris,93,
93051,Noisy-le-Grand,200054781,Métropole du Grand Paris,93,
93053,Noisy-le-Sec,200054781,Métropole du Grand Paris,93,
93055,Pantin,200054781,Métropole du Grand Paris,93,
93057,Les Pavillons-sous-Bois,200054781,Métropole du Grand Paris,93,
93059,Pierrefitte-sur-Seine,200054781,Métropole du Grand Paris,93,
93061,Le Pré-Saint-Gervais,200054781,Métropole du Grand Paris,93,
93062,Le Raincy,200054781,Métropole du Grand Paris,93,
93063,Romainville,200054781,Métropole du Grand Paris,93,
93064,Rosny-sous-Bois,200054781,Métropole du Grand Paris,93,
93066,Saint-Denis,200054781,Métropole du Grand Paris,93,
93070,Saint-Ouen-sur-Seine,200054781,Métropole du Grand Paris,93,
93071,Sevran,200054781,Métropole du Grand Paris,93,
93072,Stains,200054781,Métropole du Grand Paris,93,
93073,Tremblay-en-France,200054781,Métropole du Grand Paris,93,
93074,Vaujours,200054781,Métropole du Grand Paris,93,
93077,Villemomble,200054781,Métropole du Grand Paris,93,
93078,Villepinte,200054781,Métropole du Grand Paris,93,
93079,Villetaneuse,200054781,Métropole du Grand Paris,93,
94001,Ablon-sur-Seine,200054781,Métropole du Grand Paris,94,
94002,Alfortville,200054781,Métropole du Grand Paris,94,
94003,Arcueil,200054781,Métropole du Grand Paris,94,
94004,Boissy-Saint-Léger,200054781,Métropole du Grand Paris,94,
94011,Bonneuil-sur-Marne,200054781,Métropole du Grand Paris,94,
94015,Bry-sur-Marne,200054781,Métropole du Grand Paris,94,
94016,Cachan,200054781,Métropole du Grand Paris,94,
94017,Champigny-sur-Marne,200054781,Métropole du Grand Paris,94,
94018,Charenton-le-Pont,200054781,Métropole du Grand Paris,94,
94019,Chennevières-sur-Marne,200054781,Métropole du Grand Paris,94,
94021,Chevilly-Larue,200054781,Métropole du Grand Paris,94,
94022,Choisy-le-Roi,200054781,Métropole du Grand Paris,94,
94028,Créteil,200054781,Métropole du Grand Paris,94,
94033,Fontenay-sous-Bois,200054781,Métropole du Grand Paris,94,
94034,Fresnes,200054781,Métropole du Grand Paris,94,
94037,Gentilly,200054781,Métropole du Grand Paris,94,
94038,L'Haÿ-les-Roses,200054781,Métropole du Grand Paris,94,
94041,Ivry-sur-Seine,200054781,Métropole du Grand Paris,94,
94042,Joinville-le-Pont,200054781,Métropole du Grand Paris,94,
94043,Le Kremlin-Bicêtre,200054781,Métropole du Grand Paris,94,
94044,Limeil-Brévannes,200054781,Métropole du Grand Paris,94,
94046,Maisons-Alfort,200054781,Métropole du Grand Paris,94,
94047,Mandres-les-Roses,200054781,Métropole du Grand Paris,94,
94048,Marolles-en-Brie,200054781,Métropole du Grand Paris,94,
94052,Nogent-sur-Marne,200054781,Métropole du Grand Paris,94,
94053,Noiseau,200054781,Métropole du Grand Paris,94,
94054,Orly,200054781,Métropole du Grand Paris,94,
94055,Ormesson-sur-Marne,200054781,Métropole du Grand Paris,94,
94056,Périgny,200054781,Métropole du Grand Paris,94,
94058,Le Perreux-sur-Marne,200054781,Métropole du Grand Paris,94,
94059,Le Plessis-Trévise,200054781,Métropole du Grand Paris,94,
94060,La Queue-en-Brie,200054781,Métropole du Grand Paris,94,
94065,Rungis,200054781,Métropole du Grand Paris,94,
94067,Saint-Mandé,200054781,Métropole du Grand Paris,94,
94068,Saint-Maur-des-Fossés,200054781,Métropole du Grand Paris,94,
94069,Saint-Maurice,200054781,Métropole du Grand Paris,94,
94070,Santeny,200054781,Métropole du Grand Paris,94,
94071,Sucy-en-Brie,200054781,Métropole du Grand Paris,94,
94073,Thiais,200054781,Métropole du Grand Paris,94,
94074,Valenton,200054781,Métropole du Grand Paris,94,
94075,Villecresnes,200054781,Métropole du Grand Paris,94,
94076,Villejuif,200054781,Métropole du Grand Paris,94,
94077,Villeneuve-le-Roi,200054781,Métropole du Grand Paris,94,
94078,Villeneuve-Saint-Georges,200054781,Métropole du Grand Paris,94,
94079,Villiers-sur-Marne,200054781,Métropole du Grand Paris,94,
94080,Vincennes,200054781,Métropole du Grand Paris,94,
94081,Vitry-sur-Seine,200054781,Métropole du Grand Paris,94,
95002,Ableiges,200035970,CC Vexin Centre,95,
95040,Avernes,200035970,CC Vexin Centre,95,
95054,Le Bellay-en-Vexin,200035970,CC Vexin Centre,95,
95059,Berville,200035970,CC Vexin Centre,95,
95078,Boissy-l'Aillerie,200035970,CC Vexin Centre,95,
95102,Bréançon,200035970,CC Vexin Centre,95,
95110,Brignancourt,200035970,CC Vexin Centre,95,
95142,Chars,200035970,CC Vexin Centre,95,
95166,Cléry-en-Vexin,200035970,CC Vexin Centre,95,
95169,Commeny,200035970,CC Vexin Centre,95,
95170,Condécourt,200035970,CC Vexin Centre,95,
95177,Cormeilles-en-Vexin,200035970,CC Vexin Centre,95,
95181,Courcelles-sur-Viosne,200035970,CC Vexin Centre,95,
95253,Frémainville,200035970,CC Vexin Centre,95,
95254,Frémécourt,200035970,CC Vexin Centre,95,
95282,Gouzangrez,200035970,CC Vexin Centre,95,
95287,Grisy-les-Plâtres,200035970,CC Vexin Centre,95,
95295,Guiry-en-Vexin,200035970,CC Vexin Centre,95,
95298,Haravilliers,200035970,CC Vexin Centre,95,
95303,Le Heaulme,200035970,CC Vexin Centre,95,
95348,Longuesse,200035970,CC Vexin Centre,95,
95370,Marines,200035970,CC Vexin Centre,95,
95422,Montgeroult,200035970,CC Vexin Centre,95,
95438,Moussy,200035970,CC Vexin Centre,95,
95447,Neuilly-en-Vexin,200035970,CC Vexin Centre,95,
95459,Nucourt,200035970,CC Vexin Centre,95,
95483,Le Perchay,200035970,CC Vexin Centre,95,
95535,Sagy,200035970,CC Vexin Centre,95,
95584,Santeuil,200035970,CC Vexin Centre,95,
95592,Seraincourt,200035970,CC Vexin Centre,95,
95610,Théméricourt,200035970,CC Vexin Centre,95,
95611,Theuville,200035970,CC Vexin Centre,95,
95625,Us,200035970,CC Vexin Centre,95,
95658,Vigny,200035970,CC Vexin Centre,95,
95018,Argenteuil,200054781,Métropole du Grand Paris,95,
95019,Arnouville,200055655,CA Roissy Pays de France,95,
95088,Bonneuil-en-France,200055655,CA Roissy Pays de France,95,
95094,Bouqueval,200055655,CA Roissy Pays de France,95,
95154,Chennevières-lès-Louvres,200055655,CA Roissy Pays de France,95,
95205,Écouen,200055655,CA Roissy Pays de France,95,
95212,Épiais-lès-Louvres,200055655,CA Roissy Pays de France,95,
95241,Fontenay-en-Parisis,200055655,CA Roissy Pays de France,95,
95250,Fosses,200055655,CA Roissy Pays de France,95,
95268,Garges-lès-Gonesse,200055655,CA Roissy Pays de France,95,
95277,Gonesse,200055655,CA Roissy Pays de France,95,
95280,Goussainville,200055655,CA Roissy Pays de France,95,
95351,Louvres,200055655,CA Roissy Pays de France,95,
95371,Marly-la-Ville,200055655,CA Roissy Pays de France,95,
95395,Le Mesnil-Aubry,200055655,CA Roissy Pays de France,95,
95492,Le Plessis-Gassot,200055655,CA Roissy Pays de France,95,
95509,Puiseux-en-France,200055655,CA Roissy Pays de France,95,
95527,Roissy-en-France,200055655,CA Roissy Pays de France,95,
95580,Saint-Witz,200055655,CA Roissy Pays de France,95,
95585,Sarcelles,200055655,CA Roissy Pays de France,95,
95604,Survilliers,200055655,CA Roissy Pays de France,95,
95612,Le Thillay,200055655,CA Roissy Pays de France,95,
95633,Vaudherland,200055655,CA Roissy Pays de France,95,
95641,Vémars,200055655,CA Roissy Pays de France,95,
95675,Villeron,200055655,CA Roissy Pays de France,95,
95680,Villiers-le-Bel,200055655,CA Roissy Pays de France,95,
95014,Andilly,200056380,CA Plaine Vallée,95,
95028,Attainville,200056380,CA Plaine Vallée,95,
95091,Bouffémont,200056380,CA Plaine Vallée,95,
95197,Deuil-la-Barre,200056380,CA Plaine Vallée,95,
95199,Domont,200056380,CA Plaine Vallée,95,
95210,Enghien-les-Bains,200056380,CA Plaine Vallée,95,
95229,Ézanville,200056380,CA Plaine Vallée,95,
95288,Groslay,200056380,CA Plaine Vallée,95,
95369,Margency,200056380,CA Plaine Vallée,95,
95409,Moisselles,200056380,CA Plaine Vallée,95,
95426,Montlignon,200056380,CA Plaine Vallée,95,
95427,Montmagny,200056380,CA Plaine Vallée,95,
95428,Montmorency,200056380,CA Plaine Vallée,95,
95489,Piscop,200056380,CA Plaine Vallée,95,
95539,Saint-Brice-sous-Forêt,200056380,CA Plaine Vallée,95,
95555,Saint-Gratien,200056380,CA Plaine Vallée,95,
95574,Saint-Prix,200056380,CA Plaine Vallée,95,
95598,Soisy-sous-Montmorency,200056380,CA Plaine Vallée,95,
95051,Beauchamp,200058485,CA Val Parisis,95,
95060,Bessancourt,200058485,CA Val Parisis,95,
95176,Cormeilles-en-Parisis,200058485,CA Val Parisis,95,
95203,Eaubonne,200058485,CA Val Parisis,95,
95219,Ermont,200058485,CA Val Parisis,95,
95252,Franconville,200058485,CA Val Parisis,95,
95256,Frépillon,200058485,CA Val Parisis,95,
95257,La Frette-sur-Seine,200058485,CA Val Parisis,95,
95306,Herblay-sur-Seine,200058485,CA Val Parisis,95,
95424,Montigny-lès-Cormeilles,200058485,CA Val Parisis,95,
95488,Pierrelaye,200058485,CA Val Parisis,95,
95491,Le Plessis-Bouchard,200058485,CA Val Parisis,95,
95563,Saint-Leu-la-Forêt,200058485,CA Val Parisis,95,
95582,Sannois,200058485,CA Val Parisis,95,
95607,Taverny,200058485,CA Val Parisis,95,
95063,Bezons,200058519,CA Saint-Germain Boucles de Seine,95,
95026,Asnières-sur-Oise,200073013,CC Carnelle Pays-De-France,95,
95042,Baillet-en-France,200073013,CC Carnelle Pays-De-France,95,
95055,Bellefontaine,200073013,CC Carnelle Pays-De-France,95,
95056,Belloy-en-France,200073013,CC Carnelle Pays-De-France,95,
95144,Châtenay-en-France,200073013,CC Carnelle Pays-De-France,95,
95149,Chaumontel,200073013,CC Carnelle Pays-De-France,95,
95214,Épinay-Champlâtreux,200073013,CC Carnelle Pays-De-France,95,
95316,Jagny-sous-Bois,200073013,CC Carnelle Pays-De-France,95,
95331,Lassy,200073013,CC Carnelle Pays-De-France,95,
95352,Luzarches,200073013,CC Carnelle Pays-De-France,95,
95353,Maffliers,200073013,CC Carnelle Pays-De-France,95,
95365,Mareil-en-France,200073013,CC Carnelle Pays-De-France,95,
95430,Montsoult,200073013,CC Carnelle Pays-De-France,95,
95493,Le Plessis-Luzarches,200073013,CC Carnelle Pays-De-France,95,
95566,Saint-Martin-du-Tertre,200073013,CC Carnelle Pays-De-France,95,
95594,Seugy,200073013,CC Carnelle Pays-De-France,95,
95652,Viarmes,200073013,CC Carnelle Pays-De-France,95,
95660,Villaines-sous-Bois,200073013,CC Carnelle Pays-De-France,95,
95682,Villiers-le-Sec,200073013,CC Carnelle Pays-De-France,95,
95074,Boisemont,249500109,CA de Cergy-Pontoise,95,
95127,Cergy,249500109,CA de Cergy-Pontoise,95,
95183,Courdimanche,249500109,CA de Cergy-Pontoise,95,
95218,Éragny,249500109,CA de Cergy-Pontoise,95,
95323,Jouy-le-Moutier,249500109,CA de Cergy-Pontoise,95,
95388,Menucourt,249500109,CA de Cergy-Pontoise,95,
95450,Neuville-sur-Oise,249500109,CA de Cergy-Pontoise,95,
95476,Osny,249500109,CA de Cergy-Pontoise,95,
95500,Pontoise,249500109,CA de Cergy-Pontoise,95,
95510,Puiseux-Pontoise,249500109,CA de Cergy-Pontoise,95,
95572,Saint-Ouen-l'Aumône,249500109,CA de Cergy-Pontoise,95,
95637,Vauréal,249500109,CA de Cergy-Pontoise,95,
95023,Arronville,249500430,CC Sausseron Impressionnistes,95,
95039,Auvers-sur-Oise,249500430,CC Sausseron Impressionnistes,95,
95120,Butry-sur-Oise,249500430,CC Sausseron Impressionnistes,95,
95211,Ennery,249500430,CC Sausseron Impressionnistes,95,
95213,Épiais-Rhus,249500430,CC Sausseron Impressionnistes,95,
95258,Frouville,249500430,CC Sausseron Impressionnistes,95,
95271,Génicourt,249500430,CC Sausseron Impressionnistes,95,
95304,Hédouville,249500430,CC Sausseron Impressionnistes,95,
95308,Hérouville-en-Vexin,249500430,CC Sausseron Impressionnistes,95,
95328,Labbeville,249500430,CC Sausseron Impressionnistes,95,
95341,Livilliers,249500430,CC Sausseron Impressionnistes,95,
95387,Menouville,249500430,CC Sausseron Impressionnistes,95,
95446,Nesles-la-Vallée,249500430,CC Sausseron Impressionnistes,95,
95627,Vallangoujard,249500430,CC Sausseron Impressionnistes,95,
95628,Valmondois,249500430,CC Sausseron Impressionnistes,95,
95061,Béthemont-la-Forêt,249500455,CC de la Vallée de l'Oise et des Trois Forêts,95,
95151,Chauvry,249500455,CC de la Vallée de l'Oise et des Trois Forêts,95,
95313,L'Isle-Adam,249500455,CC de la Vallée de l'Oise et des Trois Forêts,95,
95392,Mériel,249500455,CC de la Vallée de l'Oise et des Trois Forêts,95,
95394,Méry-sur-Oise,249500455,CC de la Vallée de l'Oise et des Trois Forêts,95,
95445,Nerville-la-Forêt,249500455,CC de la Vallée de l'Oise et des Trois Forêts,95,
95480,Parmain,249500455,CC de la Vallée de l'Oise et des Trois Forêts,95,
95504,Presles,249500455,CC de la Vallée de l'Oise et des Trois Forêts,95,
95678,Villiers-Adam,249500455,CC de la Vallée de l'Oise et des Trois Forêts,95,
95052,Beaumont-sur-Oise,249500489,CC du Haut Val d'Oise,95,
95058,Bernes-sur-Oise,249500489,CC du Haut Val d'Oise,95,
95116,Bruyères-sur-Oise,249500489,CC du Haut Val d'Oise,95,
95134,Champagne-sur-Oise,249500489,CC du Haut Val d'Oise,95,
95436,Mours,249500489,CC du Haut Val d'Oise,95,
95452,Nointel,249500489,CC du Haut Val d'Oise,95,
95456,Noisy-sur-Oise,249500489,CC du Haut Val d'Oise,95,
95487,Persan,249500489,CC du Haut Val d'Oise,95,
95529,Ronquerolles,249500489,CC du Haut Val d'Oise,95,
95008,Aincourt,249500513,CC du Vexin-Val de Seine,95,
95011,Ambleville,249500513,CC du Vexin-Val de Seine,95,
95012,Amenucourt,249500513,CC du Vexin-Val de Seine,95,
95024,Arthies,249500513,CC du Vexin-Val de Seine,95,
95046,Banthelu,249500513,CC du Vexin-Val de Seine,95,
95101,Bray-et-Lû,249500513,CC du Vexin-Val de Seine,95,
95119,Buhy,249500513,CC du Vexin-Val de Seine,95,
95139,La Chapelle-en-Vexin,249500513,CC du Vexin-Val de Seine,95,
95141,Charmont,249500513,CC du Vexin-Val de Seine,95,
95150,Chaussy,249500513,CC du Vexin-Val de Seine,95,
95157,Chérence,249500513,CC du Vexin-Val de Seine,95,
95270,Genainville,249500513,CC du Vexin-Val de Seine,95,
95301,Haute-Isle,249500513,CC du Vexin-Val de Seine,95,
95309,Hodent,249500513,CC du Vexin-Val de Seine,95,
95355,Magny-en-Vexin,249500513,CC du Vexin-Val de Seine,95,
95379,Maudétour-en-Vexin,249500513,CC du Vexin-Val de Seine,95,
95429,Montreuil-sur-Epte,249500513,CC du Vexin-Val de Seine,95,
95462,Omerville,249500513,CC du Vexin-Val de Seine,95,
95523,La Roche-Guyon,249500513,CC du Vexin-Val de Seine,95,
95541,Saint-Clair-sur-Epte,249500513,CC du Vexin-Val de Seine,95,
95543,Saint-Cyr-en-Arthies,249500513,CC du Vexin-Val de Seine,95,
95554,Saint-Gervais,249500513,CC du Vexin-Val de Seine,95,
95651,Vétheuil,249500513,CC du Vexin-Val de Seine,95,
95656,Vienne-en-Arthies,249500513,CC du Vexin-Val de Seine,95,
95676,Villers-en-Arthies,249500513,CC du Vexin-Val de Seine,95,
95690,Wy-dit-Joli-Village,249500513,CC du Vexin-Val de Seine,95,
75101,paris,200054781,Métropole du Grand Paris,75,
75102,paris,200054781,Métropole du Grand Paris,75,
75103,paris,200054781,Métropole du Grand Paris,75,
75104,paris,200054781,Métropole du Grand Paris,75,
75105,paris,200054781,Métropole du Grand Paris,75,
75106,paris,200054781,Métropole du Grand Paris,75,
75107,paris,200054781,Métropole du Grand Paris,75,
75108,paris,200054781,Métropole du Grand Paris,75,
75109,paris,200054781,Métropole du Grand Paris,75,
75110,paris,200054781,Métropole du Grand Paris,75,
75111,paris,200054781,Métropole du Grand Paris,75,
75112,paris,200054781,Métropole du Grand Paris,75,
75113,paris,200054781,Métropole du Grand Paris,75,
75114,paris,200054781,Métropole du Grand Paris,75,
75115,paris,200054781,Métropole du Grand Paris,75,
75116,paris,200054781,Métropole du Grand Paris,75,
75117,paris,200054781,Métropole du Grand Paris,75,
75118,paris,200054781,Métropole du Grand Paris,75,
75119,paris,200054781,Métropole du Grand Paris,75,
75120,paris,200054781,Métropole du Grand Paris,75,
