Departement,Nom commune,Nom de la chaufferie,Nom Maître d'ouvrage,Contact Maître d'ouvrage,Nom Exploitant,Contact Exploitant,Nom installateur/constructeur,Nom fournisseur biomasse,Année de mise en service,Année de mise en arret ou de rénovation,État chaufferie au plus récent,Aide ADEME,Aide Région,Aide autres,AAP concerné,Nombre de chaudières,Type chaufferie,Catégorie chaufferie,Secteurs desservis,Marque chaudière,Puissance biomasse totale (kW),Classe puissance totale,Puissance d'appoint (kW),Type d'appoint,Type approvisionnement,Tonnes  PFA (IDF),Tonnes CIB (IDF),Tonnes BFVBD (IDF),Tonnes GR (IDF),Total IDF,Tonnes PFA (hors IDF),Tonnes CIB (hors IDF),Tonnes BFVBD (hors IDF),Tonnes GR (hors IDF),Total Hors IDF,Non-précisé,Total,Production estimée (TEP/an),Production_estim_MWh,classe production
75,PARIS 16E ARRONDISSEMENT,CPCU Suchet,CPCU,,Compagnie parisienne de chauffage urbain (CPCU),,Agronergy,,2017,,2 - En fonctionnement,oui,,,AAP B6,6,Collective,Chaufferie sur réseau de chaleur,Résidentiel/Tertiaire,,810,<1 MW,2000,gaz,Polycombustibles ,,,,556,556,,,,,0,,556,214.961307,2500,>1 200 MWh/an
77,BUSSY-SAINT-GEORGES,Quartier du Sycomore,Commune de Bussy Saint Georges,,IDEX Energies,,IDEX Energies,,2020,,3 - En cours de construction,oui,oui,,AAPB4,1,Collective,Chaufferie sur réseau de chaleur,Résidentiel/Tertiaire,,1500,>1 MW,,gaz,(Provenance Quincy-sous-Sénart),5600,,2400,,8000,,,,,0,,8000,600,6978,>1 200 MWh/an
77,CESSON,Maison de la petite enfance,Commune de Cesson,,Dalkia,,,,2012,,2 - En fonctionnement,,,,,2,Collective,Chaufferie dédiée,Tertiaire/Résidentiel,KWB,112,<1 MW,,,Granulés (provenance Provins),,,,32,32,,,,,0,,32,8.123076923,94.47138462,<1 200 MWh/an
77,CESSON,Logements route de Montbréau,Immobilière 3F,,,,,,2013,,2 - En fonctionnement,,oui,,,1,Collective,Chaufferie dédiée,Résidentiel,,150,<1 MW,,,Granulés,,,,,0,,,,,0,160,160,32,372.16,<1 200 MWh/an
77,LA CHAPELLE-LA-REINE,Résidence de la rue de Villionne,OPH Seine et Marne,,,,,,2016,,2 - En fonctionnement,,oui,,,1,Collective,Chaufferie dédiée,Résidentiel,,540,<1 MW,,gaz,Plaquette forestière (PFA-1A) en provenance de la Région,18,,,,18,,,,,0,,18,95,1104.85,<1 200 MWh/an
77,LA CHAPELLE-LA-REINE,Réseau de chaleur Chapelle-la-Reine,Commune de la Chapelle-la-Reine,,,,,,2018,,2 - En fonctionnement,,oui,,,1,Collective,Chaufferie sur réseau de chaleur,,,150,<1 MW,,,,,,,,0,,,,,0,,0,50,581.5,<1 200 MWh/an
77,LES CHAPELLES-BOURBON,Chaufferie communale Chapelles-Bourbon,Commune de la Chapelles-bourbon,,,,,,2009,,2 - En fonctionnement,,,,,1,Collective,Chaufferie dédiée,Tertiaire,,100,<1 MW,,,,0,0,0,30,30,,,,,0,,30,13,151.19,<1 200 MWh/an
77,CHÂTEAU-LANDON,DUSOGAT (SOBOGAT - Dusapt),DUSOGAT (SOBOGAT - Dusapt),,,,,,2004,,2 - En fonctionnement,oui,,,,1,Industrielle,Chaufferie dédiée,Industrie,,1200,>1 MW,0,,,0,400,0,0,400,,,,,0,,400,540,6280.2,>1 200 MWh/an
77,COMBS-LA-VILLE,Groupe scolaire Beausoleil,Commune de Combs la Ville,,,,,,2014,,2 - En fonctionnement,,,,,2,Collective,Chaufferie dédiée,Tertiaire,Okofen,112,<1 MW,,,Plaquettes forestières en provenance de Seine et Marne et des Vosges,,,,,0,,,,,0,15,15,3.050735294,35.48005147,<1 200 MWh/an
77,DAMMARTIN-EN-GOËLE,Batiment la chaumière (espace jeunesse),Commune de Dammartin en Goële,,Dalkia,,,Valfrance,2013,,2 - En fonctionnement,,oui,,,1,Collective,Chaufferie dédiée,Tertiaire,Okofen,56,<1 MW,,,Granulés,0,0,0,4,4,,,,,0,,4,2,23.26,<1 200 MWh/an
77,FONTAINEBLEAU,La faisandrie,Foyers de Seine et Marne,,ENGIE,,CIEC,,2014,,2 - En fonctionnement,,oui,,,1,Collective,Chaufferie dédiée,Résidentiel/Tertiaire,,1500,>1 MW,,,Plaquette forestière (PFA-1A),,,,,0,,,,,0,478,478,133.9638865,1558,>1 200 MWh/an
77,LIEUSAINT,Ferme de Servigny,Ferme de Servigny,,,,,Terre Energie,2009,,2 - En fonctionnement,,,,,1,Industrielle,Chaufferie dédiée,Agriculture,,80,<1 MW,0,,PF + granulés,,,,,0,,,,,0,45,45,17,197.71,<1 200 MWh/an
77,MAY-EN-MULTIEN,Bâtiment association La Présence,Association la présence,,,,,,2019,,3 - En cours de construction,,oui,,,1,Collective,Chaufferie dédiée,Résidentiel,,200,<1 MW,0,,Miscanthus,,,,,0,,,,,0,90,90,30.09458298,350,<1 200 MWh/an
77,MITRY-MORY,Centréal,L'Oréal,,,WEYA,,WEYA,2012,,2 - En fonctionnement,,,,,1,Industrielle,Chaufferie dédiée,Industrie,,500,<1 MW,,gaz,Granulés,0,0,0,220,220,,,,,0,,220,94.58297506,1100,<1 200 MWh/an
77,MONTEREAU-FAULT-YONNE,Chaufferie du quartier de la Ville Haute de Montereau,Commune de Montereau,,ENGIE Cofely et Coriance (ERIVA),,,BES (Biomasse Environnement Systèmes) pour miscantus / fournisseurs bois situés dans un rayon de 50 km autour de Montereau,2012,,2 - En fonctionnement,oui,oui,,,1,Collective,Création d'un réseau de chaleur,,Weiss,6000,>1 MW,0,,Bois et miscanthus,9500,0,0,,9500,,,,,0,,9500,1985,23085.55,>1 200 MWh/an
77,NANGIS,SYTRADEM,SYTRADEM,,,,,Boisynergie,2005,,2 - En fonctionnement,oui,oui,,,1,Industrielle,Chaufferie dédiée,Industrie,,100,<1 MW,0,,Produits connexes de scieries CIB,0,100,0,0,100,,,,,0,,100,30,348.9,<1 200 MWh/an
77,NEMOURS,Centrale thermique ZUP,Commune de Nemours,,Dalkia (NEMOURS ENERGIE ORGANISATION - NEO),,,S.E.V. (plateforme de stockage à Moigny-l’Ecole à 30 kilomètres) et For’Est (exploitation qui exploite des chantiers forestiers dans le Gâtinais à une quarantaine de kilomètres),2013,,2 - En fonctionnement,oui,oui,,AAPB2,1,Collective,Chaufferie sur réseau de chaleur,Résidentiel/Tertiaire,,3300,>1 MW,14000,gaz,Plaquettes forestières,5500,0,0,0,5500,,,,,0,,5500,1567,18224.21,>1 200 MWh/an
77,NEMOURS,Quartier square Beauregard,OPH 77,,,,,,2014,,2 - En fonctionnement,,,,,1,Collective,Chaufferie dédiée,Résidentiel,,,,,gaz,Agropellets bois miscanthus,,,,,0,,,,,0,,0,,0,
77,ORMESSON,Mairie Ormesson,Commune d’Ormesson,,Chauffagiste local,,,,2014,,2 - En fonctionnement,,,,,1,Collective,Chaufferie dédiée,Tertiaire,,40,<1 MW,,,,40,,,,40,,,,,0,,40,3.286988577,38.22767715,<1 200 MWh/an
77,ROISSY-EN-BRIE,Résidence La Renardière,OSICA HLM,,CRAM,,,ECOSYS,2008,,2 - En fonctionnement,oui,oui,,,1,Collective,Chaufferie dédiée,Résidentiel,Compte (type C250),2500,>1 MW,0,,Produits connexes de scieries (Champagne-Ardenne) - broyat de palettes,440,0,1760,0,2200,,,,,0,,2200,619,7198.97,>1 200 MWh/an
77,TOURNAN-EN-BRIE,Quartier HLM de la Madeleine,OPH 77,,"ENGIE (CIEC, filiale COFELY)",,CEL (Chauffage par les énergies locales),TPS,2011,,2 - En fonctionnement,,oui,,,1,Collective,Chaufferie dédiée,Résidentiel/Tertiaire,,750,<1 MW,520,gaz,"Broyat de palettes, connexes scierie + PF (50/50)",500,0,0,0,500,,,,,0,,500,69.73344798,811,<1 200 MWh/an
77,TOURNAN-EN-BRIE,Collège Jean-Baptiste Vermay,SMAVOM,,,,Agronergy,,2014,,2 - En fonctionnement,,oui,,AAP B3,1,Collective,Création d'un réseau de chaleur,,,500,<1 MW,,,,600,0,0,0,600,,,,,0,,600,105,1221.15,>1 200 MWh/an
77,VAIRES-SUR-MARNE,Résidence et groupe scolaire Les Pêcheurs,OPH 77,,"ENGIE (CIEC, filiale COFELY)",,,SOVEN (en provenance de la société « Compost Val de Seine » à Chalifert dans la Seine et Marne,2011,,2 - En fonctionnement,,oui,,,1,Collective,Chaufferie dédiée,Résidentiel,,750,<1 MW,485,gaz,Broyat de palettes + PF Broyat de palettes+PF,800,0,0,0,800,,,,,0,,800,72.48495271,843,<1 200 MWh/an
77,VERT-SAINT-DENIS,Maison de l'environnement Sénart,SAN de Sénart,,,,WEYA,,2011,,2 - En fonctionnement,,,,,1,Collective,Chaufferie dédiée,Tertiaire,,90,<1 MW,0,,Granulés bois DIN plus,,,,36,36,,,,,0,,36,64.5,750.135,<1 200 MWh/an
77,VILLEPARISIS,Cité Normandie-Niemen,OPH 77,,,,,,1989,2013,2 - En fonctionnement,,oui,,,1,Collective,Chaufferie dédiée,Résidentiel,,1000,>1 MW,0,,Paille,,,,,0,,,,,0,700,700,230,2674.9,>1 200 MWh/an
78,ACHÈRES,Plantes d'hennemont,Domnis Le foyer pour tous,,ENGIE (Cofely),,,,2007,,2 - En fonctionnement,oui,oui,,,1,Collective,Chaufferie dédiée,Résidentiel,,2500,>1 MW,0,,Plaquette forestière (PFA-1A),3248,0,0,0,3248,,,,,0,,3248,807.6526225,9393,>1 200 MWh/an
78,BOISSETS,,Commune des Boissets,,,,,,2018,,2 - En fonctionnement,,oui,,,1,Collective,Chaufferie dédiée,,,45,<1 MW,,,,,,,,0,,,,,0,,0,4,46.52,<1 200 MWh/an
78,LA BOISSIÈRE-ÉCOLE,Ferme de la Tremblaye,SCI La Boissière,,,,,Fournisseur local,2007,,2 - En fonctionnement,oui,,,,1,Industrielle,Chaufferie dédiée,Agriculture,,500,<1 MW,0,,Élagage et plaquettes forestières CIB,390,0,0,0,390,,,,,0,,390,164,1907.32,>1 200 MWh/an
78,BOUGIVAL,Groupe scolaire Monet,Commune de Bougival,,,,,,2012,,2 - En fonctionnement,,oui,,,1,Collective,Chaufferie dédiée,Tertiaire,,200,<1 MW,,,Granulés,,,,,0,,,,,0,16,16,5,58.15,<1 200 MWh/an
78,CARRIÈRES-SOUS-POISSY,Carrières Centralité,EPAMSA (Etablissement public d’Aménagement du Mantois Seine Aval),,Dalkia,,,,2017,,2 - En fonctionnement,oui,,,,1,Collective,Création d'un réseau de chaleur,Résidentiel/Tertiaire,,600,<1 MW,1800,,Granulés,,,,,0,,,,700,700,,700,241,2802.83,>1 200 MWh/an
78,CARRIÈRES-SUR-SEINE,,,,,,,,2021,,5 - A l'étude,,,,,1,Collective,Chaufferie dédiée,,,56,<1 MW,,,,,,,,0,,,,,0,,0,7.308684437,85,<1 200 MWh/an
78,CARRIÈRES-SUR-SEINE,,,,,,,,2021,,5 - A l'étude,,,,,1,Collective,Chaufferie dédiée,,,112,<1 MW,,,,,,,,0,,,,,0,,0,18.57265692,216,<1 200 MWh/an
78,CERNAY-LA-VILLE,Ecole Cernay,Commune de Cernay-la-Ville,,,,,,2008,,2 - En fonctionnement,oui,oui,,,1,Collective,Chaufferie dédiée,Tertiaire,,100,<1 MW,0,,Granulés,,,,,0,,,,,0,29,29,8,93.04,<1 200 MWh/an
78,JAMBVILLE,Centre National de Formation et d'Activités,Scouts et Guides de France (SGDF),,,,,,2016,,2 - En fonctionnement,,oui,,,1,Collective,Chaufferie dédiée,,,220,<1 MW,,,Élagage et plaquettes forestières,,,,,0,,,,,0,116,116,28,325.64,<1 200 MWh/an
78,MAGNY-LES-HAMEAUX,Pôle médicosocial Gérondicap ,Commune de Magny-les-Hameaux,,,,,,2010,,2 - En fonctionnement,oui,,,,1,Collective,Chaufferie dédiée,Tertiaire,,175,<1 MW,,,Plaquettes,,,,,0,,,,,0,23.4375,23.4375,4.766773897,55.43758042,<1 200 MWh/an
78,MAGNY-LES-HAMEAUX,Vertdéco,Vertdéco,,,,,ONF Énergie,2009,,2 - En fonctionnement,,,,,1,Industrielle,Chaufferie dédiée,Tertiaire,,300,<1 MW,0,,PF,204,0,0,0,204,,,,,0,,204,38.69303525,450,<1 200 MWh/an
78,MANTES-LA-JOLIE,Val Fourré,Commune de Mantes-la-Jolie,,Dalkia (SOMEC),,,,2013,,2 - En fonctionnement,oui,oui,,,2,Collective,Chaufferie sur réseau de chaleur,Résidentiel/Tertiaire,Vyncke,14000,>1 MW,0,,PF + BFVBD,18000,0,6000,,24000,6000,,,,6000,,30000,7087,82421.81,>1 200 MWh/an
78,MONTIGNY-LE-BRETONNEUX,Bâtiment Australia,ETDE (Bouygues),,Exprimm,,Bouygues Bâtiment Ile-de-France et ETDE ,,2011,,2 - En fonctionnement,,,,,2,Collective,Chaufferie dédiée,Tertiaire,,440,<1 MW,,,Granulés,,,,,0,,,,,0,58.92857143,58.92857143,11.98503151,139.3859165,<1 200 MWh/an
78,LES MUREAUX,Astrium-ST,Astrium (filiale EADS),,"ENGIE (CIEC, filiale COFELY)",,,,2014,,2 - En fonctionnement,oui,,,,1,Industrielle,Chaufferie dédiée,Tertiaire,,4000,>1 MW,6000,gaz,PF,4080,0,0,,4080,2720,,,,2720,,6800,1633.705933,19000,>1 200 MWh/an
78,LES MUREAUX,Chaufferie biomasse des Mureaux,Commune des Mureaux,01 30 91 37 37,Coriance (Les Mureaux Bois-Énergie -MBE),02.32.13.31.40,Coriance (Les Mureaux Bois-Énergie -MBE),,2014,,2 - En fonctionnement,oui,oui,,AAP B2,2,Collective,Réseau de chaleur existant,Résidentiel/Tertiaire,Weiss,5800,>1 MW,,gaz,Minimum 50% Plaquettes forestières,7560,0,4792,0,12352,,,,,0,,12352,2828,32889.64,>1 200 MWh/an
78,LES MUREAUX,Airbus Defence & Space,Airbus Defence & Space,,Dalkia,,"ENGIE (CIEC, filiale COFELY)",,2019,,3 - En cours de construction,oui,,,BCIAT,1,Industrielle,Chaufferie dédiée,Industrie,,4500,>1 MW,6000,gaz,,3631,1210,,,4841,,,,,0,,4841,1375.752365,16000,>1 200 MWh/an
78,ORGEVAL,École Maternelle Picquenard,Commune d'Orgeval,,,,,,2012,,2 - En fonctionnement,,oui,,,1,Collective,Chaufferie dédiée,Tertiaire,,260,<1 MW,,,,,,,,0,,,,,0,85,85,17,197.71,<1 200 MWh/an
78,RAMBOUILLET,Goullard,GOULLARD,,,,,Appro interne,2001,,2 - En fonctionnement,oui,,,,1,Industrielle,Chaufferie dédiée,Industrie,,186,<1 MW,0,,,0,0,60,0,60,,,,,0,,60,20,232.6,<1 200 MWh/an
78,RAMBOUILLET,Bergerie Nationale de Rambouillet,Ministère de l’Agriculture,,,,,,2002,,2 - En fonctionnement,,oui,,,1,Collective,Chaufferie dédiée,Tertiaire,,1000,>1 MW,,,,,,,,0,,,,,0,1200,1200,245,2849.35,>1 200 MWh/an
78,RAMBOUILLET,FAPROGI,L'Oréal,,ENGIE (Cofely),,,,2013,,2 - En fonctionnement,oui,,,,1,Collective,Chaufferie dédiée,Industrie,,4000,>1 MW,0,,Plaquette forestière (PFA-1A) et broyat palette (BFVBD-3A),1918,0,820,,2738,,,,,0,,2738,800,9304,>1 200 MWh/an
78,SAINT-CYR-L'ÉCOLE,Immeuble Saint-Cyr-L'École,Immobilière 3F,,ENGIE,,,Plateforme bois énergie de Gennevilliers,2009,,2 - En fonctionnement,oui,oui,,,1,Collective,Chaufferie dédiée,Résidentiel,,750,<1 MW,1230,gaz,Plaquette forestière (PFA-1A),592,0,0,0,592,,,,,0,,592,223,2593.49,>1 200 MWh/an
78,SAINT-GERMAIN-EN-LAYE,Chaufferie d’Enerlay,Commune de Saint-Germain-en-Lay,,Dalkia (Enerlay),,,,2015,,2 - En fonctionnement,oui,oui,,AAP B3,2,Collective,Réseau de chaleur existant,Résidentiel/Tertiaire,,6000,>1 MW,,,Plaquette forestière (PFA-1A),12500,0,0,0,12500,,,,,0,,12500,2454,28540.02,>1 200 MWh/an
78,SAINT-MARTIN-DE-BRÉTHENCOURT,Centre de tri SYMIRIS,SYMIRIS,,,,,,2002,2007,1 - Arrêtée,,,,,1,Industrielle,Chaufferie dédiée,Tertiaire,Compte,600,<1 MW,0,,,,,,,0,,,,,0,150,150,40,465.2,<1 200 MWh/an
78,SAINT-RÉMY-LÈS-CHEVREUSE,Fondation de Coubertin,Fondation de Coubertin,,,,,Appro interne,2003,,2 - En fonctionnement,,,,,1,Industrielle,Chaufferie dédiée,Tertiaire,,400,<1 MW,0,,,0,0,450,0,450,,,,,0,,450,135,1570.05,>1 200 MWh/an
78,VERNOUILLET,École maternelle Tom pouce,Commune de Vernouillet,,,,,,2011,,2 - En fonctionnement,,oui,,,1,Collective,Chaufferie dédiée,Tertiaire,,80,<1 MW,,,,,,,,0,,,,,0,16,16,5,58.15,<1 200 MWh/an
78,VERT,Belbeo'ch Elagage,Belbeo'ch Elagage,,,,,,2002,,2 - En fonctionnement,,,,,1,Industrielle,Chaufferie dédiée,Tertiaire,,30,<1 MW,0,,Élagage CIB,25,0,0,0,25,,,,,0,,25,7,81.41,<1 200 MWh/an
91,ATHIS-MONS,Lycée Saint Charles,Établissement scolaire SaintCharles,,ENGIE (ELYO),,ENGIE (ELYO),SOVEN,2006,,2 - En fonctionnement,oui,,,,1,Collective,Chaufferie dédiée,Tertiaire,"Schmid, Modèle UTSR",1200,>1 MW,0,,Plaquette forestière (PFA-1A),1013,0,0,0,1013,,,,,0,,1013,267.6698194,3113,>1 200 MWh/an
91,BONDOUFLE,Chaufferie Quartier du Grand Parc,Grand Paris Sud,"Aude RAGUIDEAU
Responsable de la mission Energie
Direction Générale Adjointe des Services Urbains et de la Maîtrise d’Ouvrage
F : 01 74 57 54 97
P : 06 85 42 53 29
a.raguideau@grandparissud.fr",ENGIE (Cofely),,ENGIE (Cofely),"Groupement ONFe / Sylvo Watts & VALOBOIS
",2021,,2 - En fonctionnement,oui,,,AAP B7 & AAP 2020,2,Collective,Création d'un réseau de chaleur,Résidentiel,,2190,>1 MW,3900,gaz,Plaquettes forestières (Essonne (91) - Seine et Marne (77) - Yvelines (78) - Loiret (45) - Eure et Loir (28)),,,,,0,,,,,0,1647,1647,759.6895959,8835.19,>1 200 MWh/an
91,BRÉTIGNY-SUR-ORGE,Eco quartier ZAC Clause Bois-Badeau,Commune de Brétigny sur Orge / SORGEM (SEM aménagement),,ENGIE (Cofely - OROBIA),,,,2013,,2 - En fonctionnement,oui,oui,,,2,Collective,Création d'un réseau de chaleur,Résidentiel,Compte-R,8000,>1 MW,0,,Granulés,,0,,,0,2500,,,,2500,,2500,650,7559.5,>1 200 MWh/an
91,CORBEIL-ESSONNES,GONCALVES,GONCALVES,,,,,Appro interne,2002,,2 - En fonctionnement,,,,,1,Industrielle,Chaufferie dédiée,Industrie,,220,<1 MW,0,,,0,0,40,0,40,,,,,0,,40,14,162.82,<1 200 MWh/an
91,ÉVRY,Centre hospitalier Sud francilien,Centre hospitalier Sud francilien,,,,,ONF Energie,2011,,2 - En fonctionnement,,,,,1,Collective,Chaufferie dédiée,Tertiaire,,3500,>1 MW,0,,Plaquettes forestières,5628,0,,,5628,2412,,,,2412,,8040,2500,29075,>1 200 MWh/an
91,GOMETZ-LA-VILLE,Ferme du Ragonant,Ferme du Ragonart,,,,,Appro interne,2008,,2 - En fonctionnement,oui,,,,1,Industrielle,Chaufferie dédiée,Agriculture,,90,<1 MW,80,fioul,Plaquettes forestières,120,0,0,0,120,,,,,0,,120,31,360.53,<1 200 MWh/an
91,GRIGNY,,Ville de Grigny,,,,,Bioforêt (Bourgogne),2007,,2 - En fonctionnement,oui,oui,,,1,Collective,Chaufferie dédiée,Résidentiel,,80,<1 MW,0,,Plaquettes forestières (Bourgogne),,,,,0,40,0,0,0,40,,40,12,139.56,<1 200 MWh/an
91,MAISSE,Ecoquartier,OPH 77,,,,,,2016,,2 - En fonctionnement,,,,,1,Collective,Chaufferie dédiée,Résidentiel,,20,<1 MW,,,,13,,,,13,,,,,0,,13,3.3,38.379,<1 200 MWh/an
91,MASSY,ENORIS,SIMACUR,,ENGIE et Sita (ENORIS),,,SOVEN,2009,,2 - En fonctionnement,,,,,2,Industrielle,Chaufferie sur réseau de chaleur,Résidentiel/Tertiaire,,64000,>1 MW,,,Plaquettes forestières (Picardie) et bois B francilien,,,,,0,,,,,0,20000,20000,4153.052451,48300,>1 200 MWh/an
91,MILLY-LA-FORÊT,Maison du parc du Gâtinais,PNR du Gâtinais Français,,Chauffagiste local,,,SCIC Gâtinais Bois Energie,2013,,2 - En fonctionnement,,,PNR,,1,Collective,Chaufferie dédiée,Tertiaire,,40,<1 MW,,,Plaquettes forestières,,,,,0,,,,,0,,0,2.629590862,30.58214172,<1 200 MWh/an
91,PALAISEAU,Écoquartier Camille-Claudel,"Communauté d’agglomération du Plateau de Saclay
Saclay",,Dalkia (EDF Optimal Solutions),,,,2015,,2 - En fonctionnement,oui,,,AAP B3,2,Collective,Création d'un réseau de chaleur,,,3000,>1 MW,,gaz,Plaquettes forestières,5300,0,0,0,5300,,,,,0,,5300,971,11292.73,>1 200 MWh/an
91,PRUNAY-SUR-ESSONNE,Gâtichanvre,SPL SIGAL,,,,,,2017,,2 - En fonctionnement,,oui,,,1,Collective,Création d'un réseau de chaleur,,,300,<1 MW,,,Plaquettes forestières (pronevance Parc naturel du Gâtinais),150,,,,150,,,,,0,,150,38,441.94,<1 200 MWh/an
91,RIS-ORANGIS,Eco-quartier Docks de Ris,Commune de Ris-Orangis,,DALKIA,,,SEV,2012,,2 - En fonctionnement,oui,oui,,,1,Collective,Chaufferie dédiée,Résidentiel,Weiss,800,<1 MW,1750,gaz,Plaquettes forestières,660,0,0,,660,440,,,,440,,1100,211,2453.93,>1 200 MWh/an
91,SAVIGNY-SUR-ORGE,Immeuble Savigny-sur-Orge,Immobilière 3F,,ENGIE,,,,2011,,2 - En fonctionnement,oui,oui,,,1,Collective,Chaufferie dédiée,Résidentiel,,750,<1 MW,1450,gaz,Plaquettes forestières,700,0,0,0,700,,,,,0,,700,170,1977.1,>1 200 MWh/an
91,VERRIÈRES-LE-BUISSON,Chaufferie communale,Commune de Verrières le Buisson,,,,WEYA,ONF,2012,,2 - En fonctionnement,oui,oui,,,1,Collective,Chaufferie dédiée,Tertiaire,HARGASSNER,200,<1 MW,320,gaz,Plaquettes forestières,240,0,0,,240,,,,,0,,240,56,340,<1 200 MWh/an
91,LES ULIS,Enerlis,Commune des Ulis,,Dalkia (Enerlis),,,,2016,,2 - En fonctionnement,oui,oui,,AAPB4,1,Collective,Réseau de chaleur existant,,,10000,>1 MW,,,Plaquette forestière (PFA-1A),10400,,2600,,13000,3000,,,,3000,,16000,2768,32191.84,>1 200 MWh/an
92,CLAMART,Piscine de Clamart,Agronergy,,ENGIE,,,,2018,,2 - En fonctionnement,oui,,,AAPB7,1,Collective,Création d'un réseau de chaleur,,,1990,>1 MW,,,Plaquette forestière (PFA-1A),,,,,0,,,,,0,243,243,70.33533964,818,<1 200 MWh/an
92,CLICHY,Chaufferie Clichy,Commune de Clichy,,ENGIE / Changement de DSP (a priori un groupement Idex-Coriance CEVE),,,,2015,,2 - En fonctionnement,oui,oui,,AAP B3,1,Collective,Réseau de chaleur existant,,,7000,>1 MW,,gaz,,4361.508281,0,6000,0,10361.50828,5150,,,,5150,,15511.50828,2843,33064.09,>1 200 MWh/an
92,COLOMBES,Résidence Colombes,Colombes Habitat,,Dalkia,,,,2015,,2 - En fonctionnement,,,,AAPB4,1,Collective,Chaufferie dédiée,Résidentiel,,800,<1 MW,,,,,,,,0,,,,,0,1386,1386,265,3081.95,>1 200 MWh/an
92,COLOMBES,ZAC de la Marine,Commune de Colombes,,Dalkia (Bois-Marine),,,,2014,,2 - En fonctionnement,oui,oui,,AAP B2,1,Collective,Réseau de chaleur existant,Résidentiel,Weiss,1250,>1 MW,,,,2220,0,0,0,2220,1480,,,,1480,,3700,669,7780.47,>1 200 MWh/an
92,COURBEVOIE,Chaufferie La Défense,Syndicat mixte de chauffage urbain de la Défense (Sicudef),,IDEX ENERTHERM,,,,2021,,4 - En projet,,,,AAP B8,2,Collective,Chaufferie sur réseau de chaleur,,,90000,>1 MW,,,Agropellets ,,,,3600,3600,,,,32400,32400,,36000,15477,179997.51,>1 200 MWh/an
92,FONTENAY-AUX-ROSES,Cité des Paradis,OPH 92,,,,,,2012,,2 - En fonctionnement,,oui,,,1,Collective,Chaufferie dédiée,Résidentiel,,900,<1 MW,,gaz,,,,,,0,,,,,0,1850,1850,370,4303.1,>1 200 MWh/an
92,GENNEVILLIERS,Chaufferie de Gennevilliers,Commune de Gennevilliers,,ENGIE (Cofely - Gennevilliers Energie),,,,2017,,2 - En fonctionnement,oui,oui,,AAPB4,1,Collective,Réseau de chaleur existant,Résidentiel,,17000,>1 MW,,,"Plaquette forestière (PFA-1A), MIX (BFVBD-3A/PFA-1A) et broyat palette (BFVBD-3A)",15539,,825,,16364,,,,,0,4055,20419,5183.920894,60289,>1 200 MWh/an
92,NANTERRE,Maison du Chemin de l'Ile,Commune de Nanterre,,,,,,2011,,2 - En fonctionnement,oui,oui,,,1,Collective,Chaufferie dédiée,Tertiaire,,50,<1 MW,0,,Plaquettes forestières,50,0,0,0,50,,,,,0,,50,10,116.3,<1 200 MWh/an
92,NANTERRE,Eco quartier Hoche,Paris la Défense (Ex : EPADESA),,ENERBIOSA (filiale d'ENERTHERM),,,Biocombustibles SA (associé à Belbéo'ch,2011,,2 - En fonctionnement,oui,oui,,,1,Collective,Chaufferie dédiée,Résidentiel,,1600,>1 MW,3200,Gaz naturel,Bois en fin de vie - bois d'élagage - plaquettes forestières,400,200,1400,,2000,,,,,0,,2000,413,4803.19,>1 200 MWh/an
92,RUEIL-MALMAISON,ZAC de l'Arsenal,Commune de Rueil Malmaison,,,,,,2019,,3 - En cours de construction,oui,oui,,AAP B7,1,Collective,chaufferie sur réseau de chaleur,,,1770,>1 MW,,,,3680,,,,3680,736,,,,736,,4416,940,10932.2,>1 200 MWh/an
92,SURESNES,Site des Raguidelles,Commune de Suresnes,,,,,,2011,,2 - En fonctionnement,oui,oui,,,1,Collective,Réseau de chaleur existant,Tertiaire,,600,<1 MW,0,,Granulés,,,,,0,,,,490,490,,490,195.7,2275.991,>1 200 MWh/an
93,AUBERVILLIERS,"Cités Cochennec, Tillon et Jarry",OPHLM d'Aubervilliers,,,,,,2012,,2 - En fonctionnement,,oui,,,1,Collective,Chaufferie dédiée,Résidentiel,,750,<1 MW,,,,,,,,0,,,,,0,1220,1220,249,2895.87,>1 200 MWh/an
93,BAGNOLET,Chaufferie des Roses,SDCB,,ENGIE (Cofely),,,,2015,,2 - En fonctionnement,oui,oui,,,2,Collective,Réseau de chaleur existant,Industrie,,20000,>1 MW,,,Plaquette forestière (PFA-1A) et broyat palette (BFVBD-3A),23283,0,4903,0,28186,,,,,0,,28186,7404.213242,86111,>1 200 MWh/an
93,BOBIGNY,Hôpital Avicenne,APHP,,ENGIE (Cofely),,,,2014,,2 - En fonctionnement,oui,oui,,,1,Tertiaire,Réseau de chaleur existant,,Compte-R,500,<1 MW,,3 chaudières mixtes gaz/fioul,Plaquette forestière (PFA-1A) et MIX (BFVBD-3A/PFA-1A),779,0,,0,779,,,,,0,2837,3616,929.5786758,10811,>1 200 MWh/an
93,BONDY,Chaufferie biomasse de Bondy,Syndicat Mixte pour la Production et la Distribution de Chaleur de Bondy (SMPDC),,Coriance (Société Thermique de Bondy - STB),michael.gaspard@groupe-coriance / Tél : 06 10 97 59 15,,,2015,,2 - En fonctionnement,oui,oui,,AAP B2,2,Collective,chaufferie sur réseau de chaleur,,EuroBiomass,4800,>1 MW,,,"Plaquettes forestières
(60%) et  bois de recyclage (40%) 6 provenance IDF",5461,0,4167,0,9628,,,,,0,,9628,2252,26190.76,>1 200 MWh/an
93,BONDY,,,,Coriance,,,,2021,,5 - A l'étude,,,,AAP B8,1,Collective,Création d'un réseau de chaleur,,,5000,>1 MW,,,,6231,,1800,,8031,2077,,,,2077,,10108,2089,24295.07,>1 200 MWh/an
93,DRANCY,Centre Technique Intercommunal,Paris Terres d'Envol,,ENGIE (Cofely),,Eiffage Construction Seine-et-Marne,,2012,,2 - En fonctionnement,,oui ?,,,1,Industrielle,Chaufferie dédiée,Industrie,,300,<1 MW,,,Plaquettes forestière,,,,,0,,,,,0,,0,25.79535684,300,<1 200 MWh/an
93,DRANCY,Chaufferie biomasse du Quartier Avenir Parisien,OPH Drancy,,ENGIE (Cofely),,,,2016,,2 - En fonctionnement,oui,oui,,,1,Collective,Chaufferie dédiée,Résidentiel/Tertiaire,,900,<1 MW,4600,gaz,MIX (BFVBD-3A/PFA-1A),,0,,,0,,,,,0,953,953,252.8804815,2941,>1 200 MWh/an
93,NOISY-LE-GRAND,Chaufferie communale de Noisy-le-Grand,Commune de Noisy-le-Grand,,Coriance,,,,2013,,2 - En fonctionnement,,,,AAPB 1,2,Collective,Réseau de chaleur existant,Tertiaire,,1150,>1 MW,2000,gaz,,600,0,0,0,600,400,,,,400,,1000,310,3605.3,>1 200 MWh/an
93,SAINT-DENIS,Centrale de Fort de l’Est,SMIREC (Syndicat Mixte des Réseaux d’Energie Calorifique),,ENGIE (Cofely - Plaine Commune Energie),,,SOVEN,2016,,2 - En fonctionnement,oui,,,AAP Biomasse S5,1,Collective,Réseau de chaleur existant,Résidentiel,,26500,>1 MW,35000,gaz,Plaquettes forestières (PFA-1A) et broyat palette (BFVBD-3A),32718,,8353,,41071,,,,,0,,41071,10877.73001,126508,>1 200 MWh/an
93,SAINT-OUEN,Saint-Ouen 2,Commune de Saint-Ouen - CPCU,,ENGIE,,,,2016,,2 - En fonctionnement,,,,,1,Collective,Chaufferie sur réseau de chaleur,Résidentiel/Tertiaire,,247000,>1 MW,247000,charbon,Granulés de bois,,,,,0,,,,140000,140000,,140000,48151.33276,560000,>1 200 MWh/an
93,SEVRAN,Chaufferie biomasse de Sevran,SEAPFA (Syndicat d’Equipement et d’Aménagement des Pays de France et de l’Aulnoye),,Dalkia (Sevran Energie Biomasse - Sebio),,Dalkia,"Forest (filiale Dalkia) pour plaquettes forestières, Veolia Propreté pour bois de recyclage et Ecosys pour bois d’élagage et de refus de compost",2015,,2 - En fonctionnement,oui,oui,,AAP B2,2,Collective,Chaufferie sur réseau de chaleur,Résidentiel/Tertiaire,Weiss,7500,>1 MW,35000,gaz,Plaquettes forestières (PFA-1A) et MIX (BFVBD-3A/PFA-1A),13104,0,,0,13104,0,,,,0,4468,17572,2373.172829,27600,>1 200 MWh/an
93,STAINS,Centrale Nord de Stains,SMIREC (Syndicat Mixte des Réseaux d’Energie Calorifique),,ENGIE (Cofely - Plaine Commune Energie),,,SOVEN,2011,,2 - En fonctionnement,oui,oui,,,2,Collective,Chaufferie sur réseau de chaleur,Résidentiel,Weiss,16000,>1 MW,54000,gaz,"Plaquettes forestières (PFA-1A), MIX (BFVBD-3A/PFA-1A) et broyat palette (BFVBD-3A)",6919,0,14969,0,21888,,,,,0,16179,38067,17196.90456,200000,>1 200 MWh/an
93,TREMBLAY-EN-FRANCE,CENTREAL,L'Oréal,,,,,,2012,,2 - En fonctionnement,,,,,1,Industrielle,Chaufferie dédiée,Industrie,,500,<1 MW,0,,Granulés,0,0,0,220,220,,,,,0,,220,90,1046.7,<1 200 MWh/an
94,FONTENAY-SOUS-BOIS,Régie du Chauffage Urbain de Fontenay,Ville de Fontenay-sous-Bois/ RCU,,,,,,2010,,2 - En fonctionnement,,,,,1,Collective,Réseau de chaleur existant,,,17400,>1 MW,,,Granulés (Sologne),0,0,,,0,,,,6043,6043,,6043,2468,28702.84,>1 200 MWh/an
94,IVRY-SUR-SEINE,Hôpital Chales-Foix,APHP,,Dalkia,,,,2017,,2 - En fonctionnement,oui,oui,,,1,Collective,Chaufferie dédiée,Tertiaire,Weiss,2000,>1 MW,,,Plaquettes forestières,3300,0,0,0,3300,1100,0,0,0,1100,,4400,793,9222.59,>1 200 MWh/an
94,LIMEIL-BRÉVANNES,Eco quartier des Temps Durables,Société de Chaleur de Limeil Brevanne,,ENGIE,,,,2011,,2 - En fonctionnement,oui,oui,,,1,Collective,Chaufferie dédiée,Résidentiel,,500,<1 MW,2000,chaudière biomasse liquide,Plaquettes forestières (PFA-1A),4611,0,,,4611,,,,,0,,4611,1077.128117,12527,>1 200 MWh/an
94,LE PLESSIS-TRÉVISE,,SMBI (promoteur),,,,,,2021,,5 - A l'étude,,,,,1,Collective,Chaufferie dédiée,,,200,<1 MW,,,,,,,,0,,,,,0,,0,10,116.3,<1 200 MWh/an
94,VILLIERS-SUR-MARNE,Résidence MAGNOLIAS,SMBI (promoteur),,,,Agronergy,,2020,,2 - En fonctionnement,,,,,1,Collective,Chaufferie dédiée,,,200,<1 MW,,,,,,,,0,,,,,0,,0,,,
95,ARGENTEUIL,Chaufferie Orgemont,Commune d'Argenteuil,,Dalkia (ARGEVALOR),,,,2015,,2 - En fonctionnement,oui,oui,,,1,Collective,Réseau de chaleur existant,,Compte-R,1700,>1 MW,,gaz,,2820,0,0,0,2820,1880,,,,1880,,4700,798,9280.74,>1 200 MWh/an
95,CHAUSSY,Ferme de la Bergerie,Fondation Charles Léopold MAYER pour le progrès de l’homme,,,,,Appro interne depuis 2015 (250 hectares du domaine),2011,,2 - En fonctionnement,,oui,,,1,Collective,Chaufferie dédiée,Tertiaire,,600,<1 MW,170,bois,Plaquette bois forestière,300,,,,300,,,,,0,,300,60,697.8,<1 200 MWh/an
95,ENGHIEN-LES-BAINS,Gymnase de la Coussaye,Commune d'Enghien les Bains,,,,,,2010,,2 - En fonctionnement,oui,oui,,,1,Collective,Chaufferie dédiée,Tertiaire,,70,<1 MW,0,,Granulés,0,0,0,70,70,,,,,0,,70,29,337.27,<1 200 MWh/an
95,FRANCONVILLE,Chaufferie des Montfrais,"SICSEF (Syndicat Intercommunal de Chauffage de Sannois, Ermont et Franconville)",,ENGIE (Cofely - SEFIR),,,,2014,,2 - En fonctionnement,,,,AAP B3,1,Collective,Réseau de chaleur existant,Résidentiel,,10000,>1 MW,,,"Plaquette forestière (PFA-1A), MIX (BFVBD-3A/PFA-1A et PFA-1A/PFA-1C) et broyat palette (BFVBD-3A)",9855,,5010,0,14865,,,,,0,1451,16316,4335.597592,50423,>1 200 MWh/an
95,GARGES-LÈS-GONESSE,Collège Pablo Picasso,Département du Val d'Oise,,,,,,2009,,2 - En fonctionnement,oui,oui,,,1,Collective,Chaufferie dédiée,Tertiaire,,320,<1 MW,1400,Gaz naturel,Plaquettes paysagères et forestières depuis la plateforme BIOVIVA d'Attainville,317,0,0,0,317,,,,,0,,317,89,1035.07,<1 200 MWh/an
95,LASSY,Gasma,GASMA SCEA,,,,,,2005,,2 - En fonctionnement,,,,,1,Industrielle,Chaufferie dédiée,Agriculture,,720,<1 MW,0,,Plaquettes élagage,250,0,0,0,250,,,,,0,710,960,250,2907.5,>1 200 MWh/an
95,MONTMORENCY,,Commune de Montmorency,,Dalkia,,,,2008,,2 - En fonctionnement,oui,oui,,,1,Collective,Chaufferie dédiée,Tertiaire,,220,<1 MW,0,,Plaquettes paysagères en provenance de la plateforme BIOVIVA de Roissy,80,0,0,0,80,,,,,0,,80,23,267.49,<1 200 MWh/an
95,NEUVILLE-SUR-OISE,SDIS,Service Départemental d'Incendie et de Secours du Val d'Oise (SDIS),,,,,,2010,,2 - En fonctionnement,,oui,,,1,Collective,Chaufferie dédiée,Tertiaire,,930,<1 MW,,,,,,,,0,,,,,0,458,458,91.6,1065.308,<1 200 MWh/an
95,PIERRELAYE,Picheta,Société Picheta,,,,,Appro interne,2009,,2 - En fonctionnement,oui,,,,1,Collective,Chaufferie dédiée,industrie,,110,<1 MW,0,,Plaquettes forestières,45,0,0,0,45,,,,,0,,45,12,139.56,<1 200 MWh/an
95,PONTOISE,Rue Séré-Depoin,"SDC représenté par son syndic, SERGIC",,,,,,2009,,2 - En fonctionnement,,oui,,,1,Collective,Chaufferie dédiée,Résidentiel,,90,<1 MW,,,,,,,,0,,,,,0,51,51,10.12,117.6956,<1 200 MWh/an
95,PUISEUX-PONTOISE,Centre horticole,Communauté d'Agglomération de Cergy-Pontoise,,,,,,2011,,2 - En fonctionnement,oui,oui,,,1,Collective,Chaufferie dédiée,Agriculture,,250,<1 MW,0,,"Connexes industrie du bois et plaquettes forestières, appro interne - CIB + PF",201.4285714,0,0,0,201.4285714,,,,,0,,201.4285714,66,767.58,<1 200 MWh/an
95,ROISSY-EN-FRANCE,Chaufferie biomasse de Roissy,ADP,,,,Weiss,Groupement ONF/Picardie Energie Bois,2013,,2 - En fonctionnement,oui,,,BCIAT 2010,2,Industrielle,Réseau de chaleur existant,,Vyncke,14000,>1 MW,0,,75%PF + 25% plaquette urbaine (PBFV),15600,0,,,15600,34920,,,,34920,,50520,6607,76839.41,>1 200 MWh/an
95,SAINT-LEU-LA-FORÊT,Collège LANDOWSKI,Département du Val d'Oise,,IDEX Energies,,,,2008,,2 - En fonctionnement,oui,oui,,,1,Collective,Chaufferie dédiée,Tertiaire,,360,<1 MW,0,,Plaquettes forestières,300,0,0,0,300,,,,,0,,300,69,802.47,<1 200 MWh/an
95,SAINT-OUEN-L'AUMÔNE,Chaufferie RCU Cergy-Pontoise,Communauté d'agglomération de Cergy Pontoise,,Coriance (CenergY),,,SYLVENERGIE,2009,,2 - En fonctionnement,,oui,,,1,Collective,Réseau de chaleur existant,Résidentiel/Tertiaire,,25000,>1 MW,0,,Produits connexes de scieries (Picardie) - Bois d'élagage/d'abattage - Refus de criblage de compost,8040,,4620,0,12660,3900,,6600,,10500,,23160,10300,119789,>1 200 MWh/an
95,THÉMÉRICOURT,Chaufferie communale Théméricourt,Commune de Théméricourt,,Régie,,,,2010,,2 - En fonctionnement,,,,,1,Collective,Chaufferie dédiée,Résidentiel Tertiaire,,60,<1 MW,,,Granulés,,,,,0,,,,,0,,0,,0,
95,VIENNE-EN-ARTHIES,Ferme des Millonets,Ferme des Millonets,,,,,,2007,,2 - En fonctionnement,oui,,,,1,Collective,Chaufferie dédiée,Agriculture,,70,<1 MW,0,,Plaquettes forestières élagage,25,0,0,0,25,,,,,0,,25,5,58.15,<1 200 MWh/an
92,VAUCRESSON,Haras de Jardy,Conseil Général 92,,,,Weya,,,,2 - En fonctionnement,,,,,1,Collective,,,,50,<1 MW,,,,,,,,0,,,,,0,,0,,,
92,VAUCRESSON,Club Housse Vaucresson,Conseil Général 92,,,,Weya,,,,2 - En fonctionnement,,,,,1,Collective,,,,200,<1 MW,,,,,,,,0,,,,,0,,0,,,
77,JOUY-LE-CHÂTEL,,Trois Moulins Habitat ,,,,Weya,,,,2 - En fonctionnement,,,,,2,Collective,,,,112,<1 MW,,,,,,,,0,,,,,0,,0,,,
78,AUBERGENVILLE,Les Bains de Seine Mauldre (centre aquatique),Commune d'Aubergenville,,ENGIE,,,,2009,,2 - En fonctionnement,,,,,1,Collective,,Tertiaire,,,,,,Plaquette forestière (PFA-1A),,,,,0,,,,,0,172,172,49.87102322,580,<1 200 MWh/an
78,ACHÈRES,Champs de Villars,Champs de Villars,,ENGIE,,,,2015,,2 - En fonctionnement,,,,,1,Collective,Chaufferie sur réseau de chaleur,Résidentielle,Weiss,2500,>1 MW,,,Plaquette forestière (PFA-1A),,,,,0,,,,,0,3023,3023,733.6199484,8532,>1 200 MWh/an
77,SAINT-FARGEAU-PONTHIERRY,Collège Francois Villon,Commune de Saint-Fargeau-Ponthierry,,ENGIE,,COMPTE.R,,2018,,2 - En fonctionnement,,,,,1,Collective,,Tertiaire,,250,<1 MW,,,Plaquette forestière (PFA-1A),,,,,0,,,,,0,85,85,26.48323302,308,<1 200 MWh/an
77,OZOIR-LA-FERRIÈRE,Anne Franck,Commune d'Ozoir-la-Ferrière,,ENGIE,,,,,,2 - En fonctionnement,,,,,1,Collective,,Tertiaire,,,,,,Plaquette forestière (PFA-1A),,,,,0,,,,,0,715,715,207.6526225,2415,>1 200 MWh/an
77,ÉGREVILLE,Piscine d'Égreville,Commune d'Égreville,,,,Agronergy,,2015,,2 - En fonctionnement,,,,,1,Collective,Chaufferie dédiée,Tertiaire,,260,<1 MW,,,,,,,,0,,,,,0,,0,94.58297506,1100,<1 200 MWh/an
91,PALAISEAU,Résidence Sitelle et Verdier,Co-propriété Sitelle et Verdier,,,,Vecteur-Energie,,2012,,2 - En fonctionnement,,,,,2,Collective,Chaufferie dédiée,Résidentielle,Hargassner,300,<1 MW,,,Granulés,,,,,0,,,,,0,16.8,16.8,6.139294927,71.4,<1 200 MWh/an
95,PERSAN,Chaufferie Persan,ENGIE Cofely,,ENGIE (Cofely),,ENGIE (Cofely),"Coopératives linières (Lin 2000, coopérative du Vert Galant) situées en Picardie (pour 80 % de l’approvisionnement) et Haute Normandie (pour les 20 % restants), sites voisins de la chaufferie",2021,,4 - En projet,,,,,1,Collective,Chaufferie sur réseau de chaleur,Industrielle/Résidentielle,,3500,>1 MW,5500,gaz,Anas de lin,,,,,0,,,,,0,4175,4175,1351.6681,15719.9,>1 200 MWh/an
